2026-02-23 19:17:52,426 - Project: MSIDC Darshan Path, Trimbakeshwar - Email: pravin@biltrax.com
2026-02-23 19:21:40,084 - Project: MSIDC Darshan Path, Trimbakeshwar - Email: pravin@biltrax.com
2026-02-24 10:59:55,129 - Project: Unknown Project - Email: prashant@biltrax.com
2026-02-24 11:22:29,208 - Project: Unknown Project - Email: sahilp@biltrax.com
2026-02-24 11:30:04,437 - Project: Kalyani Living Tree, Bagalur - Email: prashant@biltrax.com
2026-02-24 12:04:02,664 - Project: NBCC OIL PHQ Residential Building, Guwahati - Email: harshalip@biltrax.com
2026-02-24 12:05:06,322 - Project: Rainbow Speciality Children’s Care Hospital, Gurugram - Email: prashant@biltrax.com
2026-02-24 12:10:50,427 - Project: Villashare 5 Star Hotel, Jaipur - Email: prashant@biltrax.com
2026-02-24 12:21:39,005 - Project: PWD Court Complex, Angamaly - Email: ajitd@biltrax.com
2026-02-24 13:58:10,417 - Project: Multistoried Commercial Complex - Email: sahilp@biltrax.com
2026-02-24 14:05:26,952 - Project: Data Centre - Email: sahilp@biltrax.com
2026-02-24 14:27:58,238 - Project: MHADA Residential Tenements Motilal Nagar - Email: sahilp@biltrax.com
2026-02-24 16:13:42,097 - Project: OMC Corporate Office, Jaydev Vihar - Email: archana@biltrax.com
2026-02-25 12:31:39,917 - Project: TIDEL IT Office Building, Nagercoil - Email: ajitd@biltrax.com
2026-02-25 12:34:37,119 - Project: TIDEL IT Office Building, Nagercoil - Email: ajitd@biltrax.com
2026-02-25 14:23:45,954 - Project: UPPWD DPUP PAC Mahila Battlions, Gorakhpur - Email: vikrantc@biltrax.com
2026-02-25 14:27:00,201 - Project: UPPWD Lady Loyal Women's Hospital, Agra - Email: vikrantc@biltrax.com
2026-02-25 14:29:07,212 - Project: AAI Brownfield Airport Expansion, Kangra - Email: shashig@biltrax.com
2026-02-25 14:37:03,933 - Project: Salarpuria Sattva IT Office Building, Bommanahalli - Email: ajitd@biltrax.com
2026-02-25 14:44:29,885 - Project: UPPWD Lady Loyal Women’s Hospital - Email: vikrantc@biltrax.com
2026-02-25 14:51:41,374 - Project: UPPWD DPUP PAC Mahila Battlions, Gorakhpur - Email: vikrantc@biltrax.com
2026-02-25 16:11:33,321 - Project: NBCC Redevelopment of GPRA Colony (Package - VI), Netaji Nagar - Email: renuka@biltrax.com
2026-02-25 16:12:45,780 - Project: NBCC Redevelopment of GPRA Colony (Package - VI), Netaji Nagar - Email: renuka@biltrax.com
2026-02-25 16:15:45,339 - Project: Unknown Project - Email: renuka@biltrax.com
2026-02-25 17:02:55,624 - Project: SJR Union City, Bangalore - Email: kunalbiltrax03@gmail.com
2026-02-25 17:09:33,551 - Project: AAI Refurbishment of T1 & T4 Terminal Building, Chennai - Email: rushabhg@biltrax.com
2026-02-25 17:58:41,741 - Project: Alembic School - Email: sahilp@biltrax.com
2026-02-25 18:04:48,385 - Project: MHADA SRA Slum Rehabilitation, Malwani - Email: sahilp@biltrax.com
2026-02-26 15:20:01,006 - Project: Mexmon Dreams, Jalandhar - Email: kunalbiltrax03@gmail.com
2026-02-26 15:28:15,877 - Project: MHADA Kamathipura Cluster Redevelopment, Mumbai - Email: shashig@biltrax.com
2026-02-26 15:59:13,329 - Project: Amaravati Happy Nest, Amaravati - Email: archana@biltrax.com
2026-02-26 17:07:11,841 - Project: Google AdaniConneX Nxtra AI Data Center, Visakhapatnam - Email: harshalip@biltrax.com
2026-02-26 17:45:28,465 - Project: Unknown Project - Email: kunalbiltrax03@gmail.com
2026-02-26 17:46:16,435 - Project: Unknown Project - Email: kunalbiltrax03@gmail.com
2026-02-26 17:48:50,050 - Project: Unknown Project - Email: kunalbiltrax03@gmail.com
2026-02-27 11:07:14,112 - Project: NBCC VPT Office Building, Visakhapatnam - Email: khushal@biltrax.com
2026-02-27 12:31:28,006 - Project: KITCO Academic Block and Auditorium, Elanthur - Email: ajitd@biltrax.com
2026-02-27 14:15:01,435 - Project: Phoenix Retail Project, Coimbatore - Email: ajitd@biltrax.com
2026-02-27 14:31:15,453 - Project: Shalimar Marbella, Lucknow - Email: vikrantc@biltrax.com
2026-02-27 14:35:13,661 - Project: Compact Mixed Use, Jabalpur - Email: vikrantc@biltrax.com
2026-02-27 14:44:34,551 - Project: Max Mixed Use Project, Noida - Email: vikrantc@biltrax.com
2026-02-27 15:00:29,619 - Project: Dion Riverside Township, Cuttack - Email: vikrantc@biltrax.com
2026-02-27 15:10:51,214 - Project: Manglam Pinkwest, Jaipur - Email: vikrantc@biltrax.com
2026-02-27 15:14:32,260 - Project: Venus Capital Heights, Patna - Email: vikrantc@biltrax.com
2026-02-27 15:19:31,314 - Project: Merlin F Residences, Newtown - Email: vikrantc@biltrax.com
2026-02-27 15:47:04,499 - Project: HITES AIIMS Campus, Rewari - Email: shashig@biltrax.com
2026-02-27 15:49:21,127 - Project: HITES AIIMS Campus, Rewari - Email: shashig@biltrax.com
2026-02-27 16:07:16,268 - Project: Maryada Purushottam Shriram International Airport (Phase 2 & 3), Ayodhya - Email: shashig@biltrax.com
2026-02-27 16:59:51,516 - Project: AGI Sky Garden 2, Jalandhar - Email: kunalbiltrax03@gmail.com
2026-02-27 17:47:55,154 - Project: DSYAM Football Stadium Complex, Mawkhanu - Email: khushal@biltrax.com
2026-02-27 18:00:20,807 - Project: AAI Lal Bahadur Shastri Airport Terminal, Varanasi - Email: vikrantc@biltrax.com
2026-02-27 18:08:27,391 - Project: CGMSC Government Medical College, Geedam - Email: vikrantc@biltrax.com
2026-03-02 14:43:17,075 - Project: NBCC Redevelopment of GPRA Colony (Package VII B), Sarojini Nagar - Email: sahilp@biltrax.com
2026-03-04 14:06:37,892 - Project: CPWD NCERT Central Administrative Building, New Delhi - Email: ashwinip@biltrax.com
2026-03-04 14:15:02,993 - Project: The Magique Homes, Ludhiana - Email: prashant@biltrax.com
2026-03-04 14:29:26,485 - Project: Salarpuria Sattva Google Office, Hyderabad - Email: kunalbiltrax03@gmail.com
2026-03-04 14:40:01,638 - Project: Salarpuria Sattva Google Office, Hyderabad - Email: kunalbiltrax03@gmail.com
2026-03-04 15:39:57,009 - Project: Reliance 5 Star Hotel, Kevadiya - Email: sahilp@biltrax.com
2026-03-05 14:17:35,574 - Project: Aparna Amber Villas, Serilingampally - Email: harsh@biltrax.com
2026-03-05 14:21:17,071 - Project: SBI Commercial & Residential Towers, Nerul - Email: sahilp@biltrax.com
2026-03-05 14:52:17,663 - Project: Goisu Commercial, BKC - Email: sayali@biltrax.com
2026-03-05 16:29:52,454 - Project: ESR Data Centre, Rabale - Email: harsh@biltrax.com
2026-03-05 16:33:20,429 - Project: Jayalakshmi Hi-Tech Defence & Aerospace Park (IT Park), Bangalore - Email: harsh@biltrax.com
2026-03-05 16:39:19,657 - Project: IHG Crowne Plaza, Bangalore - Email: harsh@biltrax.com
2026-03-05 16:43:40,268 - Project: IHG Holiday Inn Express, Bangalore - Email: harsh@biltrax.com
2026-03-05 18:01:54,600 - Project: Capitaland Data Center, Ambattur - Email: harsh@biltrax.com
2026-03-05 18:36:12,777 - Project: Dhanturi Hotel, Karmanghat - Email: harsh@biltrax.com
2026-03-05 18:36:41,456 - Project: Dhanturi Hotel, Karmanghat - Email: harsh@biltrax.com
2026-03-06 10:43:21,579 - Project: KSITIL Hostel Block, Palakkad - Email: ajitd@biltrax.com
2026-03-06 11:28:22,928 - Project: NBCC RIICO Convention Centre, Jaipur - Email: sahilp@biltrax.com
2026-03-06 11:30:05,935 - Project: NBCC RIICO Convention Centre, Jaipur - Email: sahilp@biltrax.com
2026-03-06 11:38:12,386 - Project: Mukesh Kharadi One, Kharadi - Email: prashant@biltrax.com
2026-03-06 13:57:56,783 - Project: Holiday Inn, Amaravati - Email: harsh@biltrax.com
2026-03-06 14:31:47,950 - Project: Taj Resort, Sindhudurg - Email: harsh@biltrax.com
2026-03-06 14:36:02,861 - Project: KRJS Kasavanahalli Campus Development, Kasavanahalli - Email: kunalbiltrax03@gmail.com
2026-03-06 14:37:02,180 - Project: NHAI Two Laning of Raebareli - Jaunpur Section of NH-31 - Email: sahilpatilbiltrax@gmail.com
2026-03-06 14:37:19,276 - Project: Marriott The Mumbai EDITION, Bandra - Email: harsh@biltrax.com
2026-03-06 17:19:10,168 - Project: MVJ Hospital, Bangalore - Email: ajitd@biltrax.com
2026-03-07 11:17:26,352 - Project: Business Bay Central Ikon, Noida - Email: prashant@biltrax.com
2026-03-07 16:09:49,512 - Project: Tree of Life, Sakleshpur - Email: kunalbiltrax03@gmail.com
2026-03-07 16:12:25,390 - Project: Gateway Hotel, Hennur - Email: kunalbiltrax03@gmail.com
2026-03-07 16:51:40,267 - Project: Taj Hotel, Patna - Email: harsh@biltrax.com
2026-03-07 16:54:48,113 - Project: GFM Yerwada, Pune - Email: harsh@biltrax.com
2026-03-07 17:06:01,203 - Project: Unique Tayal Envogue 2, Pimpri-Chinchwad - Email: harsh@biltrax.com
2026-03-07 17:07:33,762 - Project: Chopra Awadh Nagari, Pimpri-Chinchwad - Email: harsh@biltrax.com
2026-03-07 17:08:43,833 - Project: Chopra Awadh Nagari, Pimpri-Chinchwad - Email: harsh@biltrax.com
2026-03-07 17:10:36,729 - Project: Chopra Awadh Nagari, Pimpri-Chinchwad - Email: harsh@biltrax.com
2026-03-07 17:13:06,237 - Project: Chandrai Redision Royal, Kondhwa Budruk - Email: harsh@biltrax.com
2026-03-07 17:13:50,418 - Project: Chandrai Redision Royal, Kondhwa Budruk - Email: harsh@biltrax.com
2026-03-07 17:22:43,524 - Project: Kohinoor Uptown, Bhiwandi - Email: harsh@biltrax.com
2026-03-07 17:29:25,113 - Project: JP Codename Starlife, Mira Road - Email: harsh@biltrax.com
2026-03-07 17:32:15,689 - Project: Emperia C2, Turbhe - Email: harsh@biltrax.com
2026-03-07 17:34:06,447 - Project: Emperia C2, Turbhe - Email: harsh@biltrax.com
2026-03-07 17:49:58,578 - Project: Unknown Project - Email: shubhamkamble@biltrax.com
2026-03-07 17:55:02,360 - Project: Vivanta Hotel, Surat - Email: harsh@biltrax.com
2026-03-09 09:40:42,767 - Project: Taj Resort, Bangalore - Email: harsh@biltrax.com
2026-03-09 09:45:50,009 - Project: Srinagar International Airport Expansion, Srinagar - Email: harsh@biltrax.com
2026-03-09 12:07:53,655 - Project: Lata Mangeshkar Institute of Medical Sciences, Pune - Email: harsh@biltrax.com
2026-03-09 12:08:25,167 - Project: Lata Mangeshkar Institute of Medical Sciences, Pune - Email: harsh@biltrax.com
2026-03-09 14:40:25,157 - Project: Lata Mangeshkar Institute of Medical Sciences - Email: harsh@biltrax.com
2026-03-09 14:51:50,344 - Project: Velankani Tech Park & Hotel Expansion, Bangalore - Email: harsh@biltrax.com
2026-03-09 14:53:57,643 - Project: Velankani Tech Park & Hotel Expansion, Bangalore - Email: harsh@biltrax.com
2026-03-09 16:11:51,866 - Project: Velankani Tech Park & Hotel Expansion, Bangalore - Email: harsh@biltrax.com
2026-03-09 16:11:57,529 - Project: Velankani Tech Park & Hotel Expansion, Bangalore - Email: harsh@biltrax.com
2026-03-09 16:31:11,661 - Project: IHG Holiday Inn Express, Bangalore - Email: khushal@biltrax.com
2026-03-09 16:34:38,236 - Project: IHG Crowne Plaza, Bangalore - Email: khushal@biltrax.com
2026-03-09 16:36:45,046 - Project: Radisson Hotel Bengaluru Aerospace Park, Bangalore - Email: khushal@biltrax.com
2026-03-09 17:34:50,055 - Project: Zonasha Sendirian East - Email: harsh@biltrax.com
2026-03-09 17:44:36,028 - Project: Tridasa Rise, Serilingampally - Email: prashant@biltrax.com
2026-03-10 09:48:28,027 - Project: Unknown Project - Email: harsh@biltrax.com
2026-03-10 09:51:18,515 - Project: Unknown Project - Email: harsh@biltrax.com
2026-03-10 10:56:29,580 - Project: DoubleTree by Hilton, Amaravati - Email: khushal@biltrax.com
2026-03-11 10:51:29,380 - Project: Sivanta Aetro Heights, Mohali - Email: sahilp@biltrax.com
2026-03-11 12:03:55,541 - Project: Novotel and Ibis Styles Hotel, Bangalore - Email: khushal@biltrax.com
2026-03-11 12:06:42,054 - Project: KPHCC Forest Office Complex, Edappally - Email: ajitd@biltrax.com
2026-03-11 12:45:08,593 - Project: MCGM Goregaon to Mulund Link Road (Package 4) - Email: sahilpatilbiltrax@gmail.com
2026-03-11 12:47:47,602 - Project: MMRDA Six Laning of Elevated Corridor from Mumbai – Pune Expressway - Email: sahilpatilbiltrax@gmail.com
2026-03-11 12:50:29,263 - Project: MMRDA Twin Tube Road Tunnel between Borivali & Thane (Package 2) - Email: sahilpatilbiltrax@gmail.com
2026-03-11 12:55:04,606 - Project: MMRDA Twin Tube Road Tunnel between Borivali & Thane (Package 1) - Email: sahilpatilbiltrax@gmail.com
2026-03-11 14:12:00,818 - Project: SR Redevelopment of Railway Station, Kozhikode - Email: vikrantc@biltrax.com
2026-03-11 14:29:28,004 - Project: Navi Mumbai Metro Line 2 (Khandeshwar - MIDC Taloje) - Email: vikrantc@biltrax.com
2026-03-12 09:31:55,570 - Project: Web Werks Data Centre, Rabale - Email: harsh@biltrax.com
2026-03-12 10:02:59,156 - Project: MPHID Central Vista, Arera Hills - Email: harsh@biltrax.com
2026-03-12 10:06:40,221 - Project: Moxy Hotel, Wakad - Email: harsh@biltrax.com
2026-03-12 10:09:19,541 - Project: Unknown Project - Email: shubhamkoltekarbiltrax@gmail.com
2026-03-12 11:06:33,181 - Project: Birla Carbon Black Manufacturing Unit, Pallachuru - Email: vikrantc@biltrax.com
2026-03-12 13:58:23,631 - Project: Amazon Data Centre, Ambernath - Email: harsh@biltrax.com
2026-03-12 14:07:06,109 - Project: WAPCOS CBLU Teaching Block, Prem Nagar - Email: shashig@biltrax.com
2026-03-12 14:22:28,835 - Project: Brigade Commercial Development, Singhahalli - Email: khushal@biltrax.com
2026-03-12 14:28:28,983 - Project: Puravankara Residential, Hennur - Email: khushal@biltrax.com
2026-03-13 17:24:26,795 - Project: SSST Robotic Multilevel Parking, Nimgaon - Email: khushal@biltrax.com
2026-03-13 17:43:35,075 - Project: NHAI Six Lane Capital Region Ring Road (Package 3) - Email: sahilpatilbiltrax@gmail.com
2026-03-16 11:04:42,659 - Project: EIL Integrated Office cum Data Centre, SP Marg - Email: sahilp@biltrax.com
2026-03-16 14:09:28,061 - Project: KSHB Mini Civil Station, Chadayamangalam - Email: ajitd@biltrax.com
2026-03-16 18:03:27,529 - Project: Baby Memorial Hospital - Email: harsh@biltrax.com
2026-03-17 10:00:13,498 - Project: PWD Judicial Township, Guwahati - Email: omkarkhatu@biltrax.com
2026-03-18 10:58:30,597 - Project: Sri Shakthi IT Park, Sulur - Email: harsh@biltrax.com
2026-03-18 11:19:09,888 - Project: Grand Canal Eco Friendly Resort, Kasaba Hobli - Email: archana@biltrax.com
2026-03-18 11:24:22,856 - Project: NIMS Hospital, Nagpur - Email: archana@biltrax.com
2026-03-18 15:56:59,477 - Project: LTI Mindtree, Pune - Email: harsh@biltrax.com
2026-03-18 16:05:29,599 - Project: Goa Marriott Manohar International Airport Hotel, Mopa - Email: harsh@biltrax.com
2026-03-18 16:05:52,326 - Project: Goa Marriott Manohar International Airport Hotel, Mopa - Email: harsh@biltrax.com
2026-03-19 12:02:58,791 - Project: SECR Railway Station Redevelopment, Durg - Email: ajitd@biltrax.com
2026-03-19 12:11:41,166 - Project: CPWD NSG Staff Quarters, New Delhi - Email: shashig@biltrax.com
2026-03-19 12:19:53,065 - Project: Hiranandani Aqua, Alibag - Email: prashant@biltrax.com
2026-03-19 16:58:58,546 - Project: Hiranandani Aqua, Alibag - Email: prashant@biltrax.com
2026-03-20 15:39:08,060 - Project: MORTH Four Laning of Navelim to Cuncolim Section of NH 66 - Email: vikrantc@biltrax.com
2026-03-23 10:55:10,726 - Project: ABIL DB Prestige BKC 101, Bandra - Email: kunalbiltrax03@gmail.com
2026-03-23 11:20:12,516 - Project: Marriott The Mumbai EDITION, Bandra - Email: kunalbiltrax03@gmail.com
2026-03-23 15:47:32,897 - Project: Dreamflower Sacro Esquina, Kochi - Email: ajitd@biltrax.com
2026-03-23 16:02:39,365 - Project: Ariisto Siesta, Mulund - Email: kunalbiltrax03@gmail.com
2026-03-23 16:09:59,895 - Project: Prestige Hotel Project, Mahalaxmi - Email: kunalbiltrax03@gmail.com
2026-03-23 16:12:28,330 - Project: NHAI Six Laning of Northern Ayodhya Bypass Section of NH-27 (Phase 7) - Email: vikrantc@biltrax.com
2026-03-23 16:39:57,809 - Project: MMRDA Multilevel ElectroMechanical Car Parking System, Malavani - Email: komalsasbiltrax@gmail.com
2026-03-23 23:01:11,986 - Project: Unknown Project - Email: pravin@biltrax.com - Type: BX2
2026-03-23 23:02:33,560 - Project: Unknown Project - Email: pravin@biltrax.com - Type: BX2
2026-03-23 23:08:23,974 - Project: Unknown Project - Email: pravin@biltrax.com - Type: BX2
2026-03-24 09:03:41,813 - Project: Unknown Project - Email: seemantbiltrax@gmail.com - Type: BX2
2026-03-24 09:30:17,449 - Project: Unknown Project - Email: shashankbiltrax13@gmail.com - Type: BX2
2026-03-24 09:31:46,892 - Project: Unknown Project - Email: mandarjoshi@biltrax.com - Type: BX2
2026-03-24 09:50:56,394 - Project: Unknown Project - Email: devangbiltrax@gmail.com - Type: BX2
2026-03-24 09:52:22,826 - Project: Unknown Project - Email: pratiksatyambiltrax@gmail.com - Type: BX2
2026-03-24 10:47:07,830 - Project: Unknown Project - Email: devangbiltrax@gmail.com - Type: BX2
2026-03-24 11:14:58,907 - Project: NWR Redevelopment of Railway Station, Ajmer - Email: vikrantc@biltrax.com - Type: BX1
2026-03-24 12:04:41,910 - Project: Experion The Trillion, Gurgaon - Email: komalsasbiltrax@gmail.com - Type: BX1
2026-03-24 12:24:12,592 - Project: Unknown Project - Email: shashankbiltrax13@gmail.com - Type: BX2
2026-03-24 14:10:42,639 - Project: Unknown Project - Email: seemantbiltrax@gmail.com - Type: BX2
2026-03-24 14:13:50,510 - Project: Unknown Project - Email: seemantbiltrax@gmail.com - Type: BX2
2026-03-24 14:49:04,770 - Project: Unknown Project - Email: suyashgagebx2@gmail.com - Type: BX2
2026-03-24 16:29:31,929 - Project: TIDEL Mini IT Park, Kanniyakumari - Email: ajitd@biltrax.com - Type: BX1
2026-03-24 16:30:59,299 - Project: HSVP Vitt Bhawan, Panchkula - Email: ajitd@biltrax.com - Type: BX1
2026-03-24 16:56:13,630 - Project: NBCC RIICO Mixed-use Development, Jaipur - Email: ajitd@biltrax.com - Type: BX1
2026-03-24 16:57:16,137 - Project: NBCC RIICO Mixed-use Development, Jaipur - Email: ajitd@biltrax.com - Type: BX1
2026-03-24 16:57:48,711 - Project: NBCC RIICO Rajasthan Mandapam Complex , Jaipur - Email: ajitd@biltrax.com - Type: BX1
2026-03-24 18:00:55,214 - Project: PWD Institute of Forensic Sciences, Lucknow - Email: kunalbiltrax03@gmail.com - Type: BX1
2026-03-25 09:35:52,030 - Project: JSBCCL OPD Block, Ranchi - Email: khushal@biltrax.com - Type: BX1
2026-03-25 09:49:58,672 - Project: NBCC Redevelopment Of Government Quarters, Panaji - Email: khushal@biltrax.com - Type: BX1
2026-03-25 09:56:12,031 - Project: NBCC Redevelopment Of Government Quarters, Panaji - Email: khushal@biltrax.com - Type: BX1
2026-03-25 10:24:27,106 - Project: Sree Aurum, Hyderabad - Email: komalsasbiltrax@gmail.com - Type: BX1
2026-03-25 10:35:45,803 - Project: Unknown Project - Email: seemantbiltrax@gmail.com - Type: BX2
2026-03-25 10:36:22,021 - Project: Unknown Project - Email: seemantbiltrax@gmail.com - Type: BX2
2026-03-25 11:15:03,579 - Project: Unknown Project - Email: seemantbiltrax@gmail.com - Type: BX2
2026-03-25 11:16:06,987 - Project: Unknown Project - Email: seemantbiltrax@gmail.com - Type: BX1
2026-03-25 11:17:41,711 - Project: Unknown Project - Email: seemantbiltrax@gmail.com - Type: BX2
2026-03-25 11:20:19,907 - Project: Unknown Project - Email: seemantbiltrax@gmail.com - Type: BX2
2026-03-25 11:22:05,657 - Project: Unknown Project - Email: seemantbiltrax@gmail.com - Type: BX1
2026-03-25 11:22:57,698 - Project: Unknown Project - Email: seemantbiltrax@gmail.com - Type: BX2
2026-03-25 15:37:25,508 - Project: R V Academic Block, Bangalore - Email: khushal@biltrax.com - Type: BX1
2026-03-25 16:56:23,359 - Project: DLF Tech Park, Noida - Email: khushal@biltrax.com - Type: BX1
2026-03-25 17:01:54,780 - Project: Government Medical College & Hospital Campus, Siwan - Email: kunalbiltrax03@gmail.com - Type: BX1
2026-03-25 17:54:49,740 - Project: Haier Appliances Air Conditioner Manufacturing Unit, Greater Noida - Email: kunalbiltrax03@gmail.com - Type: BX1
2026-03-26 09:17:48,376 - Project: Unknown Project - Email: devangbiltrax@gmail.com - Type: BX2
2026-03-26 10:04:14,179 - Project: Civitech Strings, Greater Noida - Email: komalsasbiltrax@gmail.com - Type: BX1
2026-03-26 10:23:46,620 - Project: Roseate Hotel, Jewar - Email: khushal@biltrax.com - Type: BX1
2026-03-27 10:55:34,710 - Project: AAI Greenfield Domestic Airport, Bundi - Email: vikrantc@biltrax.com - Type: BX1
2026-03-27 12:41:29,212 - Project: Kalpataru Advay, Borivali - Email: komalsasbiltrax@gmail.com - Type: BX1
2026-03-27 16:13:43,734 - Project: EPIL DTC Redevelopment of Bus Depot, Mukherjee Nagar - Email: ajitd@biltrax.com - Type: BX1
2026-03-27 16:18:27,909 - Project: Purple Iconstruct Park Eden, Kharadi - Email: prashant@biltrax.com - Type: BX1
2026-03-27 16:27:22,861 - Project: Unknown Project - Email: aksha@biltrax.com - Type: BX1
2026-03-27 16:30:59,238 - Project: Unknown Project - Email: aksha@biltrax.com - Type: BX1
2026-03-30 10:28:54,950 - Project: M3M Mansion - Email: komalsasbiltrax@gmail.com - Type: BX1
2026-03-30 13:53:35,209 - Project: NBCC RLBCAU Hostel and Academic Building Phase 2 - Email: shashig@biltrax.com - Type: BX1
2026-03-30 14:05:26,070 - Project: Sentosa Harico Divaam, Mawal - Email: prashant@biltrax.com - Type: BX1
2026-03-30 14:42:07,761 - Project: TBPL Harikeerthanam, Ernakulam - Email: ajitd@biltrax.com - Type: BX1
2026-03-30 14:51:17,335 - Project: MCP Indoor Stadium, Panipat - Email: ajitd@biltrax.com - Type: BX1
2026-03-30 16:21:33,092 - Project: EIL IIM Campus Expansion Phase II & III, Nagpur - Email: prashant@biltrax.com - Type: BX1
2026-03-30 16:56:08,615 - Project: Yotta Data Center Park, Greater Noida - Email: Khushal@biltrax.com - Type: BX1
2026-03-30 17:20:29,507 - Project: Sila Tower, Parel - Email: sahilp@biltrax.com - Type: BX1
2026-03-31 14:33:11,876 - Project: Raichandani Eka One, Kokapet - Email: komalsasbiltrax@gmail.com - Type: BX1
2026-04-01 10:25:39,449 - Project: CPWD Ladakh Bhawan (Leh Wing) Phase II, Dwarka - Email: komalsasbiltrax@gmail.com - Type: BX1
2026-04-01 12:36:20,655 - Project: BRCIL DMER Government Medical College & Hospital, Bhandara - Email: prashant@biltrax.com - Type: BX1
2026-04-01 12:43:58,752 - Project: Google AdaniConneX AI Data Center, Tarluvada - Email: arshil@biltrax.com - Type: BX1
2026-04-01 12:45:12,021 - Project: IIT Karwar Buildings - Email: tushar@biltrax.com - Type: BX1
2026-04-01 12:45:24,666 - Project: BRCIL DMER Government Medical College & Hospital, Bhandara - Email: shrikants@biltrax.com - Type: BX1
2026-04-01 12:47:30,967 - Project: Google AdaniConneX AI Data Center, Tarluvada - Email: arshil@biltrax.com - Type: BX1
2026-04-01 12:50:09,643 - Project: Jayom Prakash Hospital, Nalanda - Email: harsh@biltrax.com - Type: BX1
2026-04-01 12:50:14,387 - Project: IIT Karwar Buildings - Email: tushar@biltrax.com - Type: BX1
2026-04-01 12:52:10,953 - Project: Unknown Project - Email: tushar@biltrax.com - Type: BX1
2026-04-01 12:52:20,379 - Project: THE Park Hotel, Siliguri - Email: aksha@biltrax.com - Type: BX1
2026-04-01 12:52:50,478 - Project: Prestige Palm Court, Chennai - Email: shubhamu@biltrax.com - Type: BX1
2026-04-01 12:55:34,964 - Project: Hare Krishna Heritage Tower, Kokapet - Email: arshil@biltrax.com - Type: BX1
2026-04-01 12:55:40,897 - Project: TBC Square - Email: yashybiltrax@gmail.com - Type: BX1
2026-04-01 12:56:56,501 - Project: Patil TBC Square (Capital X), Wagle Estate - Email: yashybiltrax@gmail.com - Type: BX1
2026-04-01 12:57:48,098 - Project: CIDCO Aerocity, Navi Mumbai - Email: shrikants@biltrax.com - Type: BX1
2026-04-01 12:58:03,429 - Project: Patil TBC Square (Capital X), Wagle Estate - Email: yashybiltrax@gmail.com - Type: BX1
2026-04-01 13:00:00,050 - Project: Livasa Hospital, Ludhiana - Email: aksha@biltrax.com - Type: BX1
2026-04-01 13:00:05,138 - Project: Radisson Collection Hotel, Hyderabad - Email: arshil@biltrax.com - Type: BX1
2026-04-01 13:00:25,039 - Project: Google AdaniConneX AI Data Center, Visakhapatnam - Email: archana@biltrax.com - Type: BX1
2026-04-01 13:00:51,352 - Project: Livasa Hospital, Ludhiana - Email: aksha@biltrax.com - Type: BX1
2026-04-01 13:01:19,977 - Project: Livasa Hospital, Ludhiana - Email: aksha@biltrax.com - Type: BX1
2026-04-01 13:53:18,149 - Project: Mumbai Metro Line 9, Dongri Depot - Email: vikrantc@biltrax.com - Type: BX1
2026-04-01 13:56:06,381 - Project: Mumbai Metro Line 9 (Dahisar (E) - Mira Bhayander) - Email: vikrantc@biltrax.com - Type: BX1
2026-04-01 13:59:07,522 - Project: D K 24 Carat, Bhopal - Email: nikhita@biltrax.com - Type: BX1
2026-04-01 14:06:24,981 - Project: Platinum Heritage Mall & Multiplex, Patna - Email: arshil@biltrax.com - Type: BX1
2026-04-01 14:09:13,773 - Project: Fazlani The Palladium, Andheri - Email: arshil@biltrax.com - Type: BX1
2026-04-01 14:12:45,334 - Project: Zest Multicare Hospital, Nagpur - Email: arshil@biltrax.com - Type: BX1
2026-04-01 14:15:03,975 - Project: SVG La Marvella, Bangalore - Email: arshil@biltrax.com - Type: BX1
2026-04-01 14:16:52,439 - Project: Blue Aura, Bangalore - Email: komalsasbiltrax@gmail.com - Type: BX1
2026-04-01 14:18:23,412 - Project: Fairfield by Marriott, Nerul - Email: shrikants@biltrax.com - Type: BX1
2026-04-01 16:19:13,599 - Project: AdaniConnex Data Center, Navi Mumbai - Email: shrikants@biltrax.com - Type: BX1
2026-04-01 16:52:16,679 - Project: UPWDDPUP Hospital and Trauma Centre, Hamirpur - Email: harsh@biltrax.com - Type: BX1
2026-04-01 16:55:33,298 - Project: EIL IIT Various Buildings, Karwar - Email: yashybiltrax@gmail.com - Type: BX1
2026-04-01 16:58:54,798 - Project: MSIDC Surgical Building, Chhatrapati Sambhajinagar - Email: yashybiltrax@gmail.com - Type: BX1
2026-04-01 17:00:50,841 - Project: UPPWD Residential and Non Residential Building, Ayodhya - Email: harsh@biltrax.com - Type: BX1
2026-04-01 17:18:35,379 - Project: UPWD DPUP Apex Trauma Centre, Kanpur Nagar - Email: harsh@biltrax.com - Type: BX1
2026-04-02 09:33:41,877 - Project: Logically Multi Dimensional Tech Park, Mysore - Email: aksha@biltrax.com - Type: BX1
2026-04-02 09:57:31,277 - Project: Amrutha Lake Vista, Bangalore - Email: akshaysultane@biltrax.com - Type: BX1
2026-04-02 10:02:12,068 - Project: Mahima Ecovista, Jaipur - Email: akshaysultane@biltrax.com - Type: BX1
2026-04-02 10:17:40,516 - Project: Lucknow International Airport Terminal 4 - Email: arshil@biltrax.com - Type: BX1
2026-04-02 10:18:40,010 - Project: Lucknow International Airport Terminal 4 - Email: arshil@biltrax.com - Type: BX1
2026-04-02 10:57:17,936 - Project: AMC Outdoor Sports Facilities, Ambernath - Email: komalsasbiltrax@gmail.com - Type: BX1
2026-04-02 10:57:21,781 - Project: Prestige Waterfront, Nagavara - Email: Khushal@biltrax.com - Type: BX1
2026-04-02 11:57:11,599 - Project: Sonigara Signature Ritz, Thergaon - Email: komalsasbiltrax@gmail.com - Type: BX1
2026-04-02 12:08:20,179 - Project: JW Marriott, Ahmedabad - Email: nikhita@biltrax.com - Type: BX1
2026-04-02 12:21:04,091 - Project: UPWD DPUP Government Medical College Expansion, Lakhimpur Kheri - Email: harsh@biltrax.com - Type: BX1
2026-04-02 12:24:21,754 - Project: SKA Divine, Ghaziabad - Email: nikhita@biltrax.com - Type: BX1
2026-04-02 12:29:54,078 - Project: UPPWD DPUP Lady Lyall District Womens Hospital, Agra - Email: harsh@biltrax.com - Type: BX1
2026-04-02 12:39:54,987 - Project: Nirlon Amani Knowledge Park, Vikhroli - Email: nikhita@biltrax.com - Type: BX1
2026-04-02 12:55:29,873 - Project: Experion The Trillion, Gurgaon - Email: nikhita@biltrax.com - Type: BX1
2026-04-02 12:57:46,470 - Project: ELV High Garden, Bangalore - Email: gauravimusalebiltrax@gmail.com - Type: BX1
2026-04-02 12:59:14,231 - Project: ELV High Garden, Bangalore - Email: gauravimusalebiltrax@gmail.com - Type: BX1
2026-04-02 14:22:47,741 - Project: IHCL Gateway Hotel, Sarnath - Email: shrikants@biltrax.com - Type: BX1
2026-04-02 14:56:40,687 - Project: MGM Hyatt Regency Hotel, Puri - Email: harsh@biltrax.com - Type: BX1
2026-04-02 15:11:08,727 - Project: Taj Gateway Hotel, Sarnath - Email: shrikants@biltrax.com - Type: BX1
2026-04-02 15:13:56,569 - Project: Taj Gateway Hotel, Sarnath - Email: shrikants@biltrax.com - Type: BX1
2026-04-02 16:13:37,402 - Project: Supreme Riverside, Punawale - Email: harsh@biltrax.com - Type: BX1
2026-04-02 16:20:01,207 - Project: Aakar Topaz Towers, Wadmukhwadi - Email: harsh@biltrax.com - Type: BX1
2026-04-02 16:21:44,684 - Project: True The Western Oasis, Sanand - Email: shrikants@biltrax.com - Type: BX1
2026-04-02 16:36:46,055 - Project: The Dhar, Shillong - Email: yashybiltrax@gmail.com - Type: BX1
2026-04-02 16:40:21,830 - Project: Ampa Hi Life- Taj Branded Residences, Aminjikarai - Email: omkarkhatu@biltrax.com - Type: BX1
2026-04-02 16:47:39,490 - Project: Amar Galaxy 2, Dombivli - Email: harsh@biltrax.com - Type: BX1
2026-04-02 16:55:55,655 - Project: PWD LIT University Campus Expansion, Nagpur - Email: Khushal@biltrax.com - Type: BX1
2026-04-02 17:10:58,309 - Project: Radhe Diamond Retail Space - Email: omkarkhatu@biltrax.com - Type: BX1
2026-04-02 17:40:04,962 - Project: JSBCCL New Medical College and Hospital, Bokaro - Email: shrikants@biltrax.com - Type: BX1
2026-04-03 10:30:04,205 - Project: CtrlS Data Center 2, Patna - Email: shubhamu@biltrax.com - Type: BX1
2026-04-03 12:45:07,386 - Project: Sapphire Imperial Estates, Lucknow - Email: nirbhaybiltrax@gmail.com - Type: BX1
2026-04-03 12:47:57,358 - Project: Sapphire Imperial Estates, Lucknow - Email: nirbhaybiltrax@gmail.com - Type: BX1
2026-04-03 14:06:48,072 - Project: Shree Khodaldham Cancer Hospital, Amreli - Email: janhavim@biltrax.com - Type: BX1
2026-04-03 15:13:54,853 - Project: ESIC Hospital and Staff Quarters, Belgavi - Email: shubhamu@biltrax.com - Type: BX1
2026-04-03 15:16:35,604 - Project: BRCIL KVS School Building and Staff Quarters, Krishnagiri - Email: shubhamu@biltrax.com - Type: BX1
2026-04-03 15:17:14,742 - Project: AAI Expansion of Airport (Phase I & Phase II), Barapani - Email: ajitd@biltrax.com - Type: BX1
2026-04-03 15:18:12,625 - Project: NBCC CVPI Training Building, Khanapur - Email: shubhamu@biltrax.com - Type: BX1
2026-04-03 15:24:20,987 - Project: KREIS Morarji Desai Residential School, Mallenahalli - Email: shubhamu@biltrax.com - Type: BX1
2026-04-03 15:58:32,868 - Project: Amrutha Lake Vista, Bangalore - Email: komalsasbiltrax@gmail.com - Type: BX1
2026-04-03 16:33:53,366 - Project: Rajat Southern Vista, South Kolkata - Email: tushar@biltrax.com - Type: BX1
2026-04-03 16:35:48,541 - Project: Narang Privado, Thane - Email: sayali@biltrax.com - Type: BX1
2026-04-03 16:36:47,789 - Project: TSEWIDC YIIR School Complex, Miriyalaguda - Email: kunalbiltrax03@gmail.com - Type: BX1
2026-04-03 16:37:27,900 - Project: Navin Starwood Towers Cedar - Email: sayali@biltrax.com - Type: BX1
2026-04-03 16:44:46,160 - Project: Yashasvi Crossroads - Email: sayali@biltrax.com - Type: BX1
2026-04-03 16:46:43,517 - Project: MPM The First, Indore - Email: sayali@biltrax.com - Type: BX1
2026-04-03 16:48:29,279 - Project: TSEWIDC YIIR School Complex, Nargarjunasagar - Email: kunalbiltrax03@gmail.com - Type: BX1
2026-04-03 16:49:49,916 - Project: L&T IT and ITeS Park, Vadodara - Email: yashybiltrax@gmail.com - Type: BX1
2026-04-03 16:50:16,177 - Project: TSEWIDC YIIR School Complex, Devarakonda - Email: kunalbiltrax03@gmail.com - Type: BX1
2026-04-03 16:52:09,047 - Project: CDSUPJN Residential Ward, Gorakhpur - Email: yashybiltrax@gmail.com - Type: BX1
2026-04-03 16:55:30,023 - Project: MHADA BDD Chawl Redevelopment, NM Joshi - Email: yashybiltrax@gmail.com - Type: BX1
2026-04-03 16:55:35,760 - Project: MHADA BDD Chawl Redevelopment, NM Joshi - Email: yashybiltrax@gmail.com - Type: BX1
2026-04-03 17:47:39,902 - Project: IIITMK Library Block with Data Center, Technocity - Email: janhavim@biltrax.com - Type: BX1
2026-04-03 18:29:22,053 - Project: Shree Khodaldham Cancer Hospital, Amreli - Email: harsh@biltrax.com - Type: BX1
2026-04-03 18:37:44,473 - Project: Unknown Project - Email: harsh@biltrax.com - Type: BX1
2026-04-04 09:45:34,935 - Project: NBCC DTC Residential Development, Hari Nagar - Email: yashybiltrax@gmail.com - Type: BX1
2026-04-04 09:47:48,892 - Project: AAI Brownfield Domestic Airport, Keshod - Email: yashybiltrax@gmail.com - Type: BX1
2026-04-04 10:23:05,979 - Project: Meenakshi Elan, Puppalguda - Email: komalsasbiltrax@gmail.com - Type: BX1
2026-04-04 11:28:23,080 - Project: Evershine Stonepark, Bangalore - Email: shashig@biltrax.com - Type: BX1
2026-04-04 12:09:17,379 - Project: HPPWD State Cancer Institute, Jol Sappar - Email: harsh@biltrax.com - Type: BX1
2026-04-04 12:16:40,293 - Project: WAPCOS General Hospital Development, Trivandrum - Email: ajitd@biltrax.com - Type: BX1
2026-04-04 12:21:29,102 - Project: Aasritha Aero Villas, Hyderabad - Email: nikhita@biltrax.com - Type: BX1
2026-04-04 12:29:17,274 - Project: PWD DSYS Nagpur Sport Hub, Mankapur - Email: shubhamu@biltrax.com - Type: BX1
2026-04-04 12:30:08,770 - Project: PWD DSYS Nagpur Sport Hub, Mankapur - Email: shubhamu@biltrax.com - Type: BX1
2026-04-04 12:54:27,969 - Project: Shubham Gardens, Vapi - Email: ajitd@biltrax.com - Type: BX1
2026-04-04 13:53:23,603 - Project: Jayka Bellissima, Pune - Email: shubhamu@biltrax.com - Type: BX1
2026-04-04 14:14:00,987 - Project: Galaxy Sawasdee NSP, Pitampura - Email: harsh@biltrax.com - Type: BX1
2026-04-04 15:00:49,743 - Project: Unknown Project - Email: harsh@biltrax.com - Type: BX2
2026-04-04 15:04:13,277 - Project: Confident Lakeside, Ernakulam - Email: janhavim@biltrax.com - Type: BX1
2026-04-04 15:04:29,232 - Project: Manglam Summit Signature Sangam - Email: harsh@biltrax.com - Type: BX1
2026-04-04 15:08:22,280 - Project: Hilton Conrad, Jaipur - Email: janhavim@biltrax.com - Type: BX1
2026-04-04 15:36:35,562 - Project: Emaaar Serenity Hills, Gurgaon - Email: vikrantc@biltrax.com - Type: BX1
2026-04-04 16:02:13,622 - Project: ROF Residential Project, Sohna - Email: vikrantc@biltrax.com - Type: BX1
2026-04-04 16:20:11,294 - Project: Garnet Vasant Harmony Business Park, Marol - Email: harsh@biltrax.com - Type: BX1
2026-04-04 16:34:30,753 - Project: IHG Holiday Inn Express Hotel, Dahej - Email: omkarkhatu@biltrax.com - Type: BX1
2026-04-04 16:40:12,076 - Project: Meet Hotel, Rajkot - Email: omkarkhatu@biltrax.com - Type: BX1
2026-04-04 16:50:20,292 - Project: Eklavya Model Residential School (EMRS) - Email: saurabhkamble@biltrax.com - Type: BX1
2026-04-04 16:53:51,694 - Project: Gateway Hotel and Convention Centre Bengaluru Airport, Kannamangala - Email: harsh@biltrax.com - Type: BX1
2026-04-04 16:58:10,632 - Project: Resort at Sumrakhedi - Email: saurabhkamble@biltrax.com - Type: BX1
2026-04-04 17:00:50,813 - Project: R&B NIMS Upgradation of Hospital, Hyderabad - Email: omkarkhatu@biltrax.com - Type: BX1
2026-04-04 17:10:45,708 - Project: Inspira Mixed Use Project, Dommasandra - Email: harsh@biltrax.com - Type: BX1
2026-04-04 17:11:41,657 - Project: Manglam Summit Signature Sangam - Email: akshaysultane@biltrax.com - Type: BX1
2026-04-04 17:22:40,644 - Project: SBR One Residence, Bangalore - Email: akshaysultane@biltrax.com - Type: BX1
2026-04-04 17:36:02,108 - Project: Kiara The Pinnacle, Jaipur - Email: akshaysultane@biltrax.com - Type: BX1
2026-04-04 17:49:34,266 - Project: PK Panorama Heights, Ahmedabad - Email: aksha@biltrax.com - Type: BX1
2026-04-06 10:01:27,935 - Project: Unknown Project - Email: gauravimusalebiltrax@gmail.com - Type: BX1
2026-04-06 10:02:27,798 - Project: Unknown Project - Email: gauravimusalebiltrax@gmail.com - Type: BX1
2026-04-06 10:03:05,405 - Project: Sattva Lumina, Rajanukunte - Email: gauravimusalebiltrax@gmail.com - Type: BX1
2026-04-06 10:06:58,018 - Project: Jalan The Hyacinth - Email: tushar@biltrax.com - Type: BX1
2026-04-06 10:08:00,795 - Project: Signature Global City 79B, Gurugram - Email: yashybiltrax@gmail.com - Type: BX1
2026-04-06 10:10:33,430 - Project: Fia Eklavya, Palghar - Email: yashybiltrax@gmail.com - Type: BX1
2026-04-06 10:13:30,627 - Project: Mohan Precious Greens, Ambernath - Email: yashybiltrax@gmail.com - Type: BX1
2026-04-06 10:58:07,855 - Project: Ramyas Hotel, Tiruchirappalli - Email: harsh@biltrax.com - Type: BX1
2026-04-06 12:58:08,568 - Project: VGN Richmond Towers, Guindy - Email: komalsasbiltrax@gmail.com - Type: BX1
2026-04-06 15:30:53,885 - Project: Trident Vasa, Bhubaneswar - Email: pratiksha@biltrax.com - Type: BX1
2026-04-06 15:33:07,171 - Project: Emaaar Serenity Hills, Gurgaon - Email: pratiksha@biltrax.com - Type: BX1
2026-04-06 15:36:53,115 - Project: Anjaney Yashoved Prime, Thivim - Email: tushar@biltrax.com - Type: BX1
2026-04-06 15:46:43,651 - Project: Signature Sattva Peacock County, Alwar - Email: pratiksha@biltrax.com - Type: BX1
2026-04-06 16:11:27,774 - Project: SMP Residential Project, Tathvade - Email: pratiksha@biltrax.com - Type: BX1
2026-04-06 16:25:31,576 - Project: Microsoft IT Campus, Greater Noida - Email: harsh@biltrax.com - Type: BX1
2026-04-06 16:36:06,542 - Project: DoubleTree by Hilton Malaxmi One, Amaravati - Email: pratiksha@biltrax.com - Type: BX1
2026-04-06 16:37:51,274 - Project: NBCC Redevelopment of GPRA Colony (Package IV), Netaji Nagar - Email: yashybiltrax@gmail.com - Type: BX1
2026-04-06 16:40:23,465 - Project: PWD Sports Complex cum Stadium, Doomdooma - Email: yashybiltrax@gmail.com - Type: BX1
2026-04-06 16:52:22,436 - Project: Unknown Project - Email: sahilpatilbiltrax@gmail.com - Type: BX2
2026-04-06 17:29:17,765 - Project: Unknown Project - Email: sahilpatilbiltrax@gmail.com - Type: BX2
2026-04-06 17:55:12,789 - Project: Shree Vardhman Ambrosia, Gurgaon - Email: shrikants@biltrax.com - Type: BX1
2026-04-06 18:06:53,671 - Project: K Raheja Commerzone, Pallikaranai - Email: Khushal@biltrax.com - Type: BX1
2026-04-07 09:22:05,961 - Project: CDSUPJN Internship Hostel, Ayodhya - Email: yashybiltrax@gmail.com - Type: BX1
2026-04-07 10:54:31,351 - Project: SBR One Residence, Bangalore - Email: komalsasbiltrax@gmail.com - Type: BX1
2026-04-07 11:54:24,288 - Project: ITC Welcomhotel, Puri - Email: vikrantc@biltrax.com - Type: BX1
2026-04-07 11:57:03,742 - Project: Siddha Serena, New Town - Email: vikrantc@biltrax.com - Type: BX1
2026-04-07 12:11:44,900 - Project: Samskara Bagru, Jaipur - Email: vikrantc@biltrax.com - Type: BX1
2026-04-07 12:20:48,174 - Project: Elan The Presidential - Email: vikrantc@biltrax.com - Type: BX1
2026-04-07 12:27:45,701 - Project: MMRC Non Executive Staff Quarters, Dharavi - Email: kunalbiltrax03@gmail.com - Type: BX1
2026-04-07 12:28:56,083 - Project: MMRC Metro Bhavan & Staff Quarters, Andheri - Email: kunalbiltrax03@gmail.com - Type: BX1
2026-04-07 12:32:46,854 - Project: MPBDCL Medical College and Hospital, Ujjain - Email: vikrantc@biltrax.com - Type: BX1
2026-04-07 13:48:44,925 - Project: Oberoi Garden City, Thane - Email: harsh@biltrax.com - Type: BX1
2026-04-07 13:59:35,421 - Project: Balaji Delta Palmbeach, Seawoods - Email: vikrantc@biltrax.com - Type: BX1
2026-04-07 14:32:56,924 - Project: Fenkin 9 Phase 2, Wagle Estate - Email: ajitd@biltrax.com - Type: BX1
2026-04-07 15:19:50,001 - Project: Kiran Nadar Museum, Samalkha - Email: Khushal@biltrax.com - Type: BX1
2026-04-07 15:25:03,071 - Project: CM Infinia, Ludhiana - Email: vikrantc@biltrax.com - Type: BX1
2026-04-07 15:36:42,441 - Project: Arvinth Multi Speciality Hospital - Email: omkarkhatu@biltrax.com - Type: BX1
2026-04-07 15:51:43,742 - Project: Wyndham Grand Jaipur, Amer - Email: omkarkhatu@biltrax.com - Type: BX1
2026-04-07 15:53:17,136 - Project: Bharti Angelica, Aerocity - Email: vikrantc@biltrax.com - Type: BX1
2026-04-07 15:58:48,162 - Project: The Gautam Hotel, Patna - Email: shrikants@biltrax.com - Type: BX1
2026-04-07 15:58:51,069 - Project: The Gautam Hotel, Patna - Email: shrikants@biltrax.com - Type: BX1
2026-04-07 15:59:45,396 - Project: Buddha Medicity, Gorakhpur - Email: omkarkhatu@biltrax.com - Type: BX1
2026-04-07 16:06:44,279 - Project: RackBank AI Data Centre Park, Raipur - Email: vikrantc@biltrax.com - Type: BX1
2026-04-07 16:13:27,469 - Project: RSB Padmavati Devi Multispeciality Hospital, Adityapur - Email: vikrantc@biltrax.com - Type: BX1
2026-04-07 16:23:55,308 - Project: Jangid Elysium, Borivali - Email: omkarkhatu@biltrax.com - Type: BX1
2026-04-07 16:34:06,726 - Project: Emperia I Park, Thane - Email: harsh@biltrax.com - Type: BX1
2026-04-07 16:41:52,594 - Project: DNR Parkline, Bangalore - Email: harsh@biltrax.com - Type: BX1
2026-04-07 16:42:12,088 - Project: Microsoft IT Campus, Greater Noida - Email: arshil@biltrax.com - Type: BX1
2026-04-07 16:47:13,868 - Project: Bardiya GT South City, Jaipur - Email: arshil@biltrax.com - Type: BX1
2026-04-07 16:59:35,567 - Project: KLJ Software Noida 126 IT Units, Noida - Email: arshil@biltrax.com - Type: BX1
2026-04-07 17:03:21,779 - Project: Land Trades Mahalaxmi, Mangalore - Email: akshaysultane@biltrax.com - Type: BX1
2026-04-07 17:05:52,170 - Project: Land Trades Mahalaxmi, Mangalore - Email: akshaysultane@biltrax.com - Type: BX1
2026-04-07 17:40:05,512 - Project: Renuka Brzee - Email: sujaljadiyarbiltrax@gmail.com - Type: BX1
2026-04-07 17:53:03,817 - Project: Puri The Aravallis, Gurgaon - Email: Khushal@biltrax.com - Type: BX1
2026-04-08 09:19:30,315 - Project: TSMSIDC Community Health Centre Expansion, Yellandu - Email: yashybiltrax@gmail.com - Type: BX1
2026-04-08 09:23:56,096 - Project: CDSUPJN Chief Minister Model Composite School - Email: yashybiltrax@gmail.com - Type: BX1
2026-04-08 09:37:16,258 - Project: Ginger Hotel, Thane - Email: pooja16@gmail.com - Type: BX1
2026-04-08 09:38:51,696 - Project: Zest Multicare Hospital, Nagpur - Email: arshil@biltrax.com - Type: BX1
2026-04-08 09:40:42,622 - Project: Deepmala Sky Park, Ajmer - Email: dhanshreebiltrax@gmail.com - Type: BX1
2026-04-08 10:13:14,854 - Project: Sumadhura Epitome, Bangalore - Email: komalsasbiltrax@gmail.com - Type: BX1
2026-04-08 11:06:54,207 - Project: JW Marriott, Ahmedabad - Email: janhavim@biltrax.com - Type: BX1
2026-04-08 11:25:11,873 - Project: HITES MTDA PM Ekta Mall, Aizawl - Email: Khushal@biltrax.com - Type: BX1
2026-04-08 12:10:48,731 - Project: Godrej Ivara, Kharadi - Email: shashig@biltrax.com - Type: BX1
2026-04-08 12:27:18,904 - Project: Grand Hyatt, Chennai - Email: Khushal@biltrax.com - Type: BX1
2026-04-08 14:06:40,309 - Project: VTP Cielo, Bavdhan - Email: komalsasbiltrax@gmail.com - Type: BX1
2026-04-08 14:48:36,903 - Project: Unknown Project - Email: saurabhkamble@biltrax.com - Type: BX1
2026-04-08 14:49:47,480 - Project: Unknown Project - Email: saurabhkamble@biltrax.com - Type: BX1
2026-04-08 14:51:20,730 - Project: Unknown Project - Email: saurabhkamble@biltrax.com - Type: BX1
2026-04-08 15:39:28,542 - Project: Rameehans Galaxy, Andheri - Email: shrikants@biltrax.com - Type: BX1
2026-04-08 15:50:34,758 - Project: BMSICL Government Medical College and Hospital, Munger - Email: shrikants@biltrax.com - Type: BX1
2026-04-08 15:50:39,561 - Project: Samskara Resort - Email: saurabhkamble@biltrax.com - Type: BX1
2026-04-08 16:35:45,141 - Project: Godrej Ivara, Kharadi - Email: nirbhaybiltrax@gmail.com - Type: BX1
2026-04-08 16:44:07,584 - Project: Neelyog Regent, Ghatkopar - Email: omkarkhatu@biltrax.com - Type: BX1
2026-04-08 16:51:12,205 - Project: Solitaire Taj Hotel, Ayodhya - Email: omkarkhatu@biltrax.com - Type: BX1
2026-04-08 16:52:42,408 - Project: Hyatt House Bengaluru, Devanahalli - Email: Khushal@biltrax.com - Type: BX1
2026-04-08 16:55:04,076 - Project: SPJ Vedatam, Gurgaon - Email: shrikants@biltrax.com - Type: BX1
2026-04-08 17:19:55,237 - Project: Reach Mixed Use Project, Gurgaon - Email: shrikants@biltrax.com - Type: BX1
2026-04-08 17:20:31,166 - Project: ESR Data Centre, Rabale - Email: kunalbiltrax03@gmail.com - Type: BX1
2026-04-08 17:21:40,314 - Project: Bren Soho, Thalaghattapura - Email: omkarkhatu@biltrax.com - Type: BX1
2026-04-08 17:51:59,375 - Project: Nxtra Data Centre, Katamnallur - Email: akshaysultane@biltrax.com - Type: BX1
2026-04-08 17:56:14,024 - Project: Satyam Urbana 53, Bhiwadi - Email: akshaysultane@biltrax.com - Type: BX1
2026-04-09 09:11:46,993 - Project: CDSUPJN Transit Hostel, Manjhanpur - Email: yashybiltrax@gmail.com - Type: BX1
2026-04-09 09:14:54,668 - Project: NBCC NMC Balasaheb Thackeray Gorewada International Zoological Park Expansion (Package 1), Nagpur - Email: yashybiltrax@gmail.com - Type: BX1
2026-04-09 09:21:45,648 - Project: Main Cadenza Residences, Meerut - Email: nidhi14.biltrax@gmail.com - Type: BX1
2026-04-09 09:28:04,426 - Project: Mangalam Aikyam, Ravet - Email: nidhi14.biltrax@gmail.com - Type: BX1
2026-04-09 09:40:02,712 - Project: Nanded City Saajgiri, Pune - Email: nidhi14.biltrax@gmail.com - Type: BX1
2026-04-09 09:44:57,384 - Project: Aura 79, Gurgaon - Email: nidhi14.biltrax@gmail.com - Type: BX1
2026-04-09 10:01:04,139 - Project: Sahakar Excel Acropolis, Bandra - Email: shrikants@biltrax.com - Type: BX1
2026-04-09 10:21:15,673 - Project: Evos Alchemy, Raghunathpur - Email: pooja16@gmail.com - Type: BX1
2026-04-09 10:27:01,347 - Project: Darsshan Promesa Fremont, Chinchpokli - Email: dhanshreebiltrax@gmail.com - Type: BX1
2026-04-09 10:28:19,356 - Project: Darsshan Promesa Fremont, Chinchpokli - Email: dhanshreebiltrax@gmail.com - Type: BX1
2026-04-09 10:29:03,664 - Project: Darsshan Promesa Fremont, Chinchpokli - Email: dhanshreebiltrax@gmail.com - Type: BX1
2026-04-09 11:13:12,845 - Project: Dosti Greenscapes, Hadapsar - Email: komalsasbiltrax@gmail.com - Type: BX1
2026-04-09 14:10:16,746 - Project: Gautam Medical College And Hospital, Ranchi - Email: aksha@biltrax.com - Type: BX1
2026-04-09 14:34:24,117 - Project: SAM Medical College & Hospital, Raisen - Email: aksha@biltrax.com - Type: BX1
2026-04-09 14:41:30,275 - Project: Goyal Titanium World Tower, Ahmedabad - Email: ajitd@biltrax.com - Type: BX1
2026-04-09 15:08:55,095 - Project: Krisumi Waterside Residences, Gurgaon - Email: shrikants@biltrax.com - Type: BX1
2026-04-09 16:15:37,135 - Project: TIFR Academic cum Residential Campus, Hyderabad - Email: harsh@biltrax.com - Type: BX1
2026-04-09 17:06:54,458 - Project: Malabar Medical College Hospital & Research Centre Expansion, Modakkallur - Email: vikrantc@biltrax.com - Type: BX1
2026-04-09 17:41:02,272 - Project: K Raheja IT Park, Baner - Email: shubhamu@biltrax.com - Type: BX1
2026-04-09 17:58:03,780 - Project: upgradation of existing 30 bedded Civil Hospital to 50 bedded Hospital at Bagli - Email: saurabhkamble@biltrax.com - Type: BX1
2026-04-10 09:31:31,602 - Project: Taj Resort, Ranthambore - Email: pooja16@gmail.com - Type: BX1
2026-04-10 09:36:15,583 - Project: Taj Resort, Ranthambore - Email: pooja16@gmail.com - Type: BX1
2026-04-10 09:54:59,274 - Project: Sankalp Titan Tower, Wadgaon - Email: janhavim@biltrax.com - Type: BX1
2026-04-10 10:37:39,620 - Project: Aura 79, Gurgaon - Email: shrikants@biltrax.com - Type: BX1
2026-04-10 11:56:53,016 - Project: Shree The Benchmark, Pimple Saudagar - Email: shubhamu@biltrax.com - Type: BX1
2026-04-10 12:14:54,796 - Project: Green Field Hospital - Email: saurabhkamble@biltrax.com - Type: BX1
2026-04-10 12:21:57,989 - Project: Pitrachaya Dev Luxury Floors, Gurgaon - Email: shrikants@biltrax.com - Type: BX1
2026-04-10 12:47:03,161 - Project: Lamose Gratitude 84, Gurgaon - Email: shrikants@biltrax.com - Type: BX1
2026-04-10 12:53:25,405 - Project: Gulshan The G by Taj, Noida - Email: pooja16@gmail.com - Type: BX1
2026-04-10 14:25:41,099 - Project: Shubh Tristar, Mundhwa - Email: komalsasbiltrax@gmail.com - Type: BX1
2026-04-10 14:31:18,248 - Project: Hinduja House, Worli - Email: shubhamkoltekarbiltrax@gmail.com - Type: BX1
2026-04-10 15:48:36,096 - Project: Alamo Turin, Coimbatore - Email: janhavim@biltrax.com - Type: BX1
2026-04-10 15:52:42,757 - Project: CDSUPJN Auditorium and Multipurpose Hall, Mainpuri - Email: yashybiltrax@gmail.com - Type: BX1
2026-04-10 15:55:54,113 - Project: NBCC Administrative Building, Chimbel - Email: yashybiltrax@gmail.com - Type: BX1
2026-04-10 16:14:28,049 - Project: HITES ABVIMS and RML Medical College Building, New Delhi - Email: Khushal@biltrax.com - Type: BX1
2026-04-10 16:23:28,492 - Project: HITES BSN Government Medical College, Sirsa - Email: Khushal@biltrax.com - Type: BX1
2026-04-10 17:00:22,012 - Project: Sharada Akashparv C, Bavdhan - Email: komalsasbiltrax@gmail.com - Type: BX1
2026-04-10 17:24:33,546 - Project: Ashiana Aaranya, Parnaur - Email: pratiksha@biltrax.com - Type: BX1
2026-04-10 17:39:50,707 - Project: Kalpataru Primera, Thane - Email: harsh@biltrax.com - Type: BX1
2026-04-10 17:42:56,042 - Project: Unknown Project - Email: pratiksha@biltrax.com - Type: BX1
2026-04-10 17:43:32,228 - Project: Kamdhenu Crown, Sanpada - Email: harsh@biltrax.com - Type: BX1
2026-04-10 18:02:01,631 - Project: Unknown Project - Email: saurabhkamble@biltrax.com - Type: BX1
2026-04-10 19:12:26,934 - Project: WAPCOS CBSE Regional Office and Centre of Excellence, Noida - Email: pravin@biltrax.com - Type: BX1
2026-04-10 19:13:09,144 - Project: WAPCOS CBSE Regional Office and Centre of Excellence, Noida - Email: pravin@biltrax.com - Type: BX1
2026-04-10 19:14:40,359 - Project: IOCL Multistoried Residential Buildings, Vadodara - Email: pravin@biltrax.com - Type: BX1
2026-04-13 10:15:34,775 - Project: Unknown Project - Email: saurabhkamble@biltrax.com - Type: BX1
2026-04-13 10:56:04,366 - Project: HFWD Multi Disciplinary Super Speciality Hospital, Agartala - Email: nikhita@biltrax.com - Type: BX1
2026-04-13 11:06:26,256 - Project: GFM Yerwada, Pune - Email: shubhamkoltekarbiltrax@gmail.com - Type: BX1
2026-04-13 11:41:33,049 - Project: PWD Multilevel Car Parking, Keishampat - Email: nikhita@biltrax.com - Type: BX1
2026-04-13 12:14:41,913 - Project: St Elizabeth Hospital's JSW Medical Centre, Malabar Hill - Email: shubhamkoltekarbiltrax@gmail.com - Type: BX1
2026-04-13 13:00:00,583 - Project: New District Court Building At Pipliyahana Indore MP - Email: saurabhkamble@biltrax.com - Type: BX1
2026-04-13 14:13:25,002 - Project: NBCC Redevelopment of GPRA Colony (Package - VIII - A), Sarojini Nagar - Email: prashant@biltrax.com - Type: BX1
2026-04-13 14:21:19,794 - Project: Paroha and Thakkers Sea Face House, Worli - Email: komalsasbiltrax@gmail.com - Type: BX1
2026-04-13 15:28:23,678 - Project: NBCC Redevelopment of GPRA Colony, Sarojini Nagar (Package IXB) - Email: Khushal@biltrax.com - Type: BX1
2026-04-13 15:31:35,116 - Project: NBCC Redevelopment of GPRA Colony (Package - VI), Sarojini Nagar - Email: Khushal@biltrax.com - Type: BX1
2026-04-13 15:35:26,589 - Project: VR Metropolitan, Delhi - Email: janhavim@biltrax.com - Type: BX1
2026-04-13 15:57:31,136 - Project: Unknown Project - Email: janhavim@biltrax.com - Type: BX1
2026-04-13 15:58:20,787 - Project: Unknown Project - Email: janhavim@biltrax.com - Type: BX1
2026-04-13 17:54:30,652 - Project: Unknown Project - Email: akshaysultane@biltrax.com - Type: BX1
2026-04-13 17:55:15,595 - Project: Unknown Project - Email: akshaysultane@biltrax.com - Type: BX1
2026-04-13 17:56:00,581 - Project: Unknown Project - Email: akshaysultane@biltrax.com - Type: BX1
2026-04-14 09:14:06,706 - Project: Parekh Casa De Nagoa, Goa - Email: yashybiltrax@gmail.com - Type: BX1
2026-04-14 09:14:55,580 - Project: Parekh Casa De Nagoa, Goa - Email: yashybiltrax@gmail.com - Type: BX1
2026-04-14 09:18:03,537 - Project: R-10 Dev Heights - Email: yashybiltrax@gmail.com - Type: BX1
2026-04-14 09:20:40,123 - Project: S13 Dev Heights - Email: yashybiltrax@gmail.com - Type: BX1
2026-04-14 09:23:31,171 - Project: 1 Dev Heights, Nagpur - Email: yashybiltrax@gmail.com - Type: BX1
2026-04-14 09:25:58,580 - Project: DR Vista Imperia - Email: yashybiltrax@gmail.com - Type: BX1
2026-04-14 09:36:30,298 - Project: CDSUPJN MPTMC Girls Hostel, Siddharthnagar - Email: yashybiltrax@gmail.com - Type: BX1
2026-04-14 11:46:27,339 - Project: Motiaz Grand Emporio, Mohali - Email: shubhamu@biltrax.com - Type: BX1
2026-04-14 11:47:30,960 - Project: Dynasty The Hyphen, Mohammadwadi - Email: komalsasbiltrax@gmail.com - Type: BX1
2026-04-14 12:37:36,654 - Project: Legacy Ekam, Punawale - Email: pratiksha@biltrax.com - Type: BX1
2026-04-14 12:54:02,082 - Project: Binary Highness, Wakad - Email: prashant@biltrax.com - Type: BX1
2026-04-14 13:58:23,790 - Project: PWD Officers Quarters, Vellakkinar - Email: ajitd@biltrax.com - Type: BX1
2026-04-14 14:01:32,437 - Project: Shree KB West Walk, Greater Noida - Email: Khushal@biltrax.com - Type: BX1
2026-04-14 14:42:46,745 - Project: S&S Centris, Chennai - Email: rushabhg@biltrax.com - Type: BX1
2026-04-14 14:46:37,910 - Project: S&S Centris, Chennai - Email: rushabhg@biltrax.com - Type: BX1
2026-04-14 15:01:50,118 - Project: Samarpan Heart & Cancer Hospital, Sonipat - Email: vikrantc@biltrax.com - Type: BX1
2026-04-14 15:11:52,339 - Project: PRP Majestic, Ranchi - Email: shubhamu@biltrax.com - Type: BX1
2026-04-14 15:18:49,118 - Project: Bren Park City, Bangalore - Email: rushabhg@biltrax.com - Type: BX1
2026-04-14 17:40:15,299 - Project: CDSUPJN Hostel Block, Banda - Email: yashybiltrax@gmail.com - Type: BX1
2026-04-15 09:29:40,983 - Project: Arihant Clan Aalishan, Kharghar - Email: vikrantc@biltrax.com - Type: BX1
2026-04-15 09:44:25,250 - Project: Unknown Project - Email: seemantbiltrax@gmail.com - Type: BX2
2026-04-15 09:45:19,204 - Project: Unknown Project - Email: seemantbiltrax@gmail.com - Type: BX2
2026-04-15 09:46:25,945 - Project: Unknown Project - Email: seemantbiltrax@gmail.com - Type: BX2
2026-04-15 09:46:31,714 - Project: Unknown Project - Email: seemantbiltrax@gmail.com - Type: BX2
2026-04-15 09:48:25,865 - Project: KHB International Cricket Stadium, Indlawadi - Email: Khushal@biltrax.com - Type: BX1
2026-04-15 10:19:21,133 - Project: CPWD JNU Hostel Blocks, New Delhi - Email: Khushal@biltrax.com - Type: BX1
2026-04-15 11:02:01,172 - Project: Unknown Project - Email: suyashgagebx2@gmail.com - Type: BX2
2026-04-15 11:37:07,572 - Project: Hydenben Clifton, Bangalore - Email: akshaysultane@biltrax.com - Type: BX1
2026-04-15 11:50:56,212 - Project: Hydenben Clifton, Bangalore - Email: akshaysultane@biltrax.com - Type: BX1
2026-04-15 12:14:06,805 - Project: JSBCCL Medical College, Koderma - Email: shrikants@biltrax.com - Type: BX1
2026-04-15 12:18:39,311 - Project: Unknown Project - Email: seemantbiltrax@gmail.com - Type: BX2
2026-04-15 12:35:42,922 - Project: Rameehans Galaxy, Andheri - Email: shrikants@biltrax.com - Type: BX1
2026-04-15 14:21:50,314 - Project: MSIDC Vidhan Bhavan Expansion, Nagpur - Email: shrikants@biltrax.com - Type: BX1
2026-04-15 15:03:27,503 - Project: Max Square Two, Noida - Email: pooja16@gmail.com - Type: BX1
2026-04-15 15:33:58,667 - Project: Unknown Project - Email: seemantbiltrax@gmail.com - Type: BX2
2026-04-15 16:29:27,740 - Project: Unknown Project - Email: devangbiltrax@gmail.com - Type: BX2
2026-04-15 16:30:04,238 - Project: Unknown Project - Email: devangbiltrax@gmail.com - Type: BX2
2026-04-15 16:30:48,880 - Project: Unknown Project - Email: devangbiltrax@gmail.com - Type: BX2
2026-04-15 16:54:36,412 - Project: Chavan Sarveshwara, Thane - Email: komalsasbiltrax@gmail.com - Type: BX1
2026-04-15 16:56:07,959 - Project: Mahindra Electric Vehicles Manufacturing Unit, Chakan - Email: sheetalbx228@gmail.com - Type: BX1
2026-04-15 17:01:32,398 - Project: Unknown Project - Email: sahilpatilbiltrax@gmail.com - Type: BX2
2026-04-15 17:02:04,670 - Project: Shantidoot Hospitality Project, Patliputra - Email: Khushal@biltrax.com - Type: BX1
2026-04-15 17:02:09,996 - Project: AAI Brownfield Domestic Airport, Keshod - Email: yashybiltrax@gmail.com - Type: BX1
2026-04-15 17:02:40,294 - Project: Unknown Project - Email: sahilpatilbiltrax@gmail.com - Type: BX2
2026-04-15 17:02:47,936 - Project: Pacific Metal Alloys Manufacturing Unit, Ranjangaon - Email: sheetalbx228@gmail.com - Type: BX1
2026-04-15 17:05:21,989 - Project: CPWD National Forensic Science University (Phase 1), Dharbandora - Email: yashybiltrax@gmail.com - Type: BX1
2026-04-15 17:13:42,711 - Project: Unknown Project - Email: sahilpatilbiltrax@gmail.com - Type: BX2
2026-04-15 17:39:48,095 - Project: Prestige Somerville, Bangalore - Email: akshaysultane@biltrax.com - Type: BX1
2026-04-15 17:42:35,651 - Project: Infosys IT/ITES Development, Bangalore - Email: akshaysultane@biltrax.com - Type: BX1
2026-04-16 09:37:55,373 - Project: MMB Office Building - Email: nidhi@biltrax.com - Type: BX1
2026-04-16 10:32:16,077 - Project: CPWD IIIT Agartala Campus Expansion, Mohanpur - Email: Khushal@biltrax.com - Type: BX1
2026-04-16 11:41:09,679 - Project: Unknown Project - Email: sheetalbx228@gmail.com - Type: BX1
2026-04-16 11:41:59,429 - Project: Unknown Project - Email: sheetalbx228@gmail.com - Type: BX2
2026-04-16 11:42:48,967 - Project: Unknown Project - Email: sheetalbx228@gmail.com - Type: BX2
2026-04-16 11:43:38,186 - Project: Unknown Project - Email: sheetalbx228@gmail.com - Type: BX2
2026-04-16 11:44:27,468 - Project: Unknown Project - Email: sheetalbx228@gmail.com - Type: BX2
2026-04-16 11:59:39,762 - Project: Unknown Project - Email: ajitd@biltrax.com - Type: BX1
2026-04-16 12:18:07,148 - Project: Unknown Project - Email: ajitd@biltrax.com - Type: BX1
2026-04-16 12:38:41,242 - Project: Grand Hyatt, Chennai - Email: janhavim@biltrax.com - Type: BX1
2026-04-16 12:46:19,842 - Project: RackBank AI Data Centre Park, Raipur - Email: shubhamu@biltrax.com - Type: BX1
2026-04-16 14:11:59,432 - Project: Torrent Corporate Office, Daskroi - Email: kunalbiltrax123@gmail.com - Type: BX1
2026-04-16 14:45:47,030 - Project: Unknown Project - Email: tushar@biltrax.com - Type: BX1
2026-04-16 14:46:36,941 - Project: Unknown Project - Email: tushar@biltrax.com - Type: BX1
2026-04-16 14:47:26,623 - Project: Unknown Project - Email: kunalbiltrax123@gmail.com - Type: BX1
2026-04-16 14:48:16,398 - Project: Unknown Project - Email: kunalbiltrax123@gmail.com - Type: BX1
2026-04-16 15:00:30,849 - Project: Palak Prospera, Ahmedabad - Email: kunalbiltrax123@gmail.com - Type: BX1
2026-04-16 15:00:36,679 - Project: Tara Devis Enclave - Email: yashybiltrax@gmail.com - Type: BX1
2026-04-16 15:09:13,307 - Project: EPIL DMER Government Medical College and Hospital, Gondia - Email: yashybiltrax@gmail.com - Type: BX1
2026-04-16 15:51:58,691 - Project: Zonasha Sendirian East, Bangalore - Email: ajitd@biltrax.com - Type: BX1
2026-04-16 15:58:51,247 - Project: AGM Palm Marina, Ludhiana - Email: ajitd@biltrax.com - Type: BX1
2026-04-16 16:00:46,214 - Project: Shri Parabhani Medical Colllege and Hospital, Pedgaon - Email: ajitd@biltrax.com - Type: BX1
2026-04-16 17:48:47,077 - Project: Unknown Project - Email: shubhamu@biltrax.com - Type: BX1
2026-04-16 17:49:36,605 - Project: Unknown Project - Email: nirbhaybiltrax@gmail.com - Type: BX1
2026-04-16 17:50:25,563 - Project: Unknown Project - Email: shubhamu@biltrax.com - Type: BX1
2026-04-16 17:51:35,669 - Project: Unknown Project - Email: nirbhaybiltrax@gmail.com - Type: BX1
2026-04-16 18:06:49,666 - Project: Unknown Project - Email: yashybiltrax@gmail.com - Type: BX1
2026-04-17 09:50:54,368 - Project: GHR Callisto, Hyderabad - Email: komalsasbiltrax@gmail.com - Type: BX1
2026-04-17 10:13:51,653 - Project: Unknown Project - Email: shashankbiltrax13@gmail.com - Type: BX2
2026-04-17 10:16:07,256 - Project: IHCL Taj Hotel, Ranchi - Email: shrikants@biltrax.com - Type: BX1
2026-04-17 10:56:35,380 - Project: Big Daddy Hotel, Morjim - Email: kunalbiltrax123@gmail.com - Type: BX1
2026-04-17 10:57:48,039 - Project: DSYAM Football Stadium Complex, Mawkhanu - Email: shrikants@biltrax.com - Type: BX1
2026-04-17 10:57:55,724 - Project: DSYAM Football Stadium Complex, Mawkhanu - Email: shrikants@biltrax.com - Type: BX1
2026-04-17 11:03:33,895 - Project: EDCIL Sindhu Central University, Khalsi - Email: yashybiltrax@gmail.com - Type: BX1
2026-04-17 11:06:11,524 - Project: NBCC NMC Balasaheb Thackeray Gorewada International Zoological Park Expansion (Package 1), Nagpur - Email: yashybiltrax@gmail.com - Type: BX1
2026-04-17 11:32:32,186 - Project: Kalpana Oneness, Vashi - Email: shrikants@biltrax.com - Type: BX1
2026-04-17 12:19:14,969 - Project: Cognizant IT and ITES Campus, Visakhapatnam - Email: shashig@biltrax.com - Type: BX1
2026-04-17 12:36:38,435 - Project: IISC Bagchi Parthasarathy Medical School, Bangalore - Email: Khushal@biltrax.com - Type: BX1
2026-04-17 13:45:52,141 - Project: Tapi Business World, Surat - Email: shrikants@biltrax.com - Type: BX1
2026-04-17 14:01:29,458 - Project: Unknown Project - Email: devangbiltrax@gmail.com - Type: BX2
2026-04-17 14:14:46,225 - Project: Veegaland Serene, Ernakulam - Email: ajitd@biltrax.com - Type: BX1
2026-04-17 14:17:07,715 - Project: Signature Memories, Vadodara - Email: kunalbiltrax123@gmail.com - Type: BX1
2026-04-17 15:11:48,081 - Project: GETCO Multi Storey Building, Gotri - Email: shrikants@biltrax.com - Type: BX1
2026-04-17 15:38:33,707 - Project: Unknown Project - Email: devangbiltrax@gmail.com - Type: BX2
2026-04-17 15:48:44,610 - Project: Unknown Project - Email: biltraxbx218@gmail.com - Type: BX2
2026-04-17 15:56:32,176 - Project: NSL IT Park, Noida - Email: shashig@biltrax.com - Type: BX1
2026-04-17 16:05:31,360 - Project: Trishala Trilok, Hyderabad - Email: pooja16@gmail.com - Type: BX1
2026-04-17 16:05:35,492 - Project: Trishala Trilok, Hyderabad - Email: pooja16@gmail.com - Type: BX1
2026-04-17 16:39:19,894 - Project: Unknown Project - Email: Khushal@biltrax.com - Type: BX1
2026-04-17 16:43:17,467 - Project: Gokul Casa Infinity, Mehsana - Email: pratiksha@biltrax.com - Type: BX1
2026-04-17 16:45:44,776 - Project: Gokul Casa Infinity, Mehsana - Email: pratiksha@biltrax.com - Type: BX1
2026-04-17 16:45:49,858 - Project: Gokul Casa Infinity, Mehsana - Email: pratiksha@biltrax.com - Type: BX1
2026-04-17 17:02:01,962 - Project: Autonomous Government Ashtang Ayurvedic College Building - Email: saurabhkamble@biltrax.com - Type: BX1
2026-04-17 17:28:44,406 - Project: Unknown Project - Email: saurabhkamble@biltrax.com - Type: BX1
2026-04-18 09:41:58,681 - Project: NBCC Redevelopment of GPRA Colony (Package - VI), Sarojini Nagar - Email: yashybiltrax@gmail.com - Type: BX1
2026-04-18 09:47:33,430 - Project: MPBDC Land Resource Management Office, Bhopal - Email: yashybiltrax@gmail.com - Type: BX1
2026-04-18 12:17:08,951 - Project: Birla Niyaara, Worli - Email: rushabhg@biltrax.com - Type: BX1
2026-04-18 12:38:24,774 - Project: D&A West Shore, Bandra - Email: shrikants@biltrax.com - Type: BX1
2026-04-18 12:42:19,350 - Project: Unknown Project - Email: devangbiltrax@gmail.com - Type: BX2
2026-04-18 12:43:17,668 - Project: Unknown Project - Email: devangbiltrax@gmail.com - Type: BX2
2026-04-18 12:59:26,575 - Project: Unknown Project - Email: devangbiltrax@gmail.com - Type: BX2
2026-04-18 14:36:04,258 - Project: Vishnu Crown, Pimpri Chinchwad - Email: yashybiltrax@gmail.com - Type: BX1
2026-04-18 14:43:52,294 - Project: Sacchidanand Waman Nagari, Nagpur - Email: komalsasbiltrax@gmail.com - Type: BX1
2026-04-18 17:22:10,349 - Project: Swami Narayan Keshvam Skyview, Gandhinagar - Email: shrikants@biltrax.com - Type: BX1
2026-04-18 17:28:01,163 - Project: Sensation Wings of Bangalore, Bangalore - Email: akshaysultane@biltrax.com - Type: BX1
2026-04-18 17:34:47,714 - Project: Manglam Aaradhya, Amber - Email: akshaysultane@biltrax.com - Type: BX1
2026-04-20 09:33:42,288 - Project: CPWD NCB Office Complex, Dwarka - Email: yashybiltrax@gmail.com - Type: BX1
2026-04-20 09:35:43,762 - Project: PWD Mahajyoti Campus Expansion, Nashik - Email: yashybiltrax@gmail.com - Type: BX1
2026-04-20 09:39:28,371 - Project: Jupiter Gardenium, Rajarhat - Email: yashybiltrax@gmail.com - Type: BX1
2026-04-20 09:42:47,326 - Project: PRM Prestige, Malda - Email: yashybiltrax@gmail.com - Type: BX1
2026-04-20 09:52:14,803 - Project: TSMSIDC Teaching Hospital, Kothagudem - Email: vikrantchandorkar200@gmail.com - Type: BX1
2026-04-20 09:54:51,105 - Project: White Waters, Kukatpally - Email: yashybiltrax@gmail.com - Type: BX1
2026-04-20 09:56:52,100 - Project: DSR The Twins & Skymarq, Hyderabad - Email: yashybiltrax@gmail.com - Type: BX1
2026-04-20 09:58:37,867 - Project: Godrej Serene, Mamurdi - Email: yashybiltrax@gmail.com - Type: BX1
2026-04-20 09:58:59,067 - Project: Baashyaam Enchanted, Kanchipuram - Email: rushabhg@biltrax.com - Type: BX1
2026-04-20 10:11:27,440 - Project: Prince Blossom, Coimbatore - Email: rushabhg@biltrax.com - Type: BX1
2026-04-20 10:58:22,711 - Project: NBCC KSHB Residential and Commercial Complex (Phase I), Kochi - Email: ajitd@biltrax.com - Type: BX1
2026-04-20 11:06:48,870 - Project: Paras Hospital, Ludhiana - Email: shrikants@biltrax.com - Type: BX1
2026-04-20 11:20:37,030 - Project: Bhutani Avenue 133, Noida - Email: ajitd@biltrax.com - Type: BX1
2026-04-20 11:46:14,005 - Project: Max Gujarmal Modi Super Specialty Hospital Expansion, Saket - Email: Khushal@biltrax.com - Type: BX1
2026-04-20 11:56:41,259 - Project: Equinix Data Centre, Siruseri - Email: Khushal@biltrax.com - Type: BX1
2026-04-20 12:01:27,853 - Project: ST Telemedia AI Data Centre, Meerkhanpet - Email: Khushal@biltrax.com - Type: BX1
2026-04-20 12:03:48,156 - Project: Legacy Ekam, Punawale - Email: komalsasbiltrax@gmail.com - Type: BX1
2026-04-20 12:30:24,411 - Project: Siemens Research & Experimental Development Center, Bangalore - Email: komalsasbiltrax@gmail.com - Type: BX1
2026-04-20 12:49:16,859 - Project: NK Oak Wood, Ranchi - Email: shubhamu@biltrax.com - Type: BX1
2026-04-20 14:48:04,038 - Project: NCR Redevelopment of Railway Station, Khajuraho - Email: rushabhg@biltrax.com - Type: BX1
2026-04-20 14:49:05,684 - Project: Unknown Project - Email: shrikants@biltrax.com - Type: BX1
2026-04-20 14:49:07,253 - Project: Unknown Project - Email: shrikants@biltrax.com - Type: BX1
2026-04-20 14:51:24,827 - Project: Azim Premji University, Ranchi - Email: shrikants@biltrax.com - Type: BX1
2026-04-20 16:28:28,688 - Project: Unknown Project - Email: devangbiltrax@gmail.com - Type: BX2
2026-04-20 16:32:32,795 - Project: Unknown Project - Email: devangbiltrax@gmail.com - Type: BX2
2026-04-20 17:28:54,358 - Project: Leafy Delight, Bangalore - Email: akshaysultane@biltrax.com - Type: BX1
2026-04-20 17:36:30,717 - Project: Amrutha Lake Vista, Bangalore - Email: akshaysultane@biltrax.com - Type: BX1
2026-04-20 17:36:42,280 - Project: Amrutha Lake Vista, Bangalore - Email: akshaysultane@biltrax.com - Type: BX1
2026-04-20 17:44:24,459 - Project: Chordia Gulmohar Heights, Keshopura - Email: akshaysultane@biltrax.com - Type: BX1
2026-04-20 17:44:29,195 - Project: Thane Metro (New Thane Metro Station - Thane Station) - Email: rushabhg@biltrax.com - Type: BX1
2026-04-21 09:57:39,735 - Project: Eldeco Ballads of Bliss, Greater Noida - Email: dhanshreebiltrax@gmail.com - Type: BX1
2026-04-21 10:01:26,191 - Project: AAI Bihta Airport, Patna - Email: yashybiltrax@gmail.com - Type: BX1
2026-04-21 10:10:58,161 - Project: NBCC Commercial Complex, Jaipur - Email: yashybiltrax@gmail.com - Type: BX1
2026-04-21 10:44:01,266 - Project: Unknown Project - Email: Khushal@biltrax.com - Type: BX2
2026-04-21 10:49:18,886 - Project: GSPHCL PSQ Residential Units, Vyara - Email: omkarkhatu@biltrax.com - Type: BX1
2026-04-21 10:53:15,804 - Project: Unknown Project - Email: rushabhg@biltrax.com - Type: BX2
2026-04-21 10:54:19,096 - Project: Unknown Project - Email: rushabhg@biltrax.com - Type: BX2
2026-04-21 10:56:10,906 - Project: Unknown Project - Email: rushabhg@biltrax.com - Type: BX2
2026-04-21 11:08:15,938 - Project: NBCC NMC Balasaheb Thackeray Gorewada International Zoological Park Expansion (Package 1), Nagpur - Email: Khushal@biltrax.com - Type: BX1
2026-04-21 11:08:24,862 - Project: Hines Kanakia Commercial, BKC - Email: shrikants@biltrax.com - Type: BX1
2026-04-21 11:10:00,714 - Project: NBCC NMC Balasaheb Thackeray Gorewada International Zoological Park Expansion (Package 1), Nagpur - Email: Khushal@biltrax.com - Type: BX1
2026-04-21 11:34:51,641 - Project: Bhojwani The Grand, Lower Parel - Email: shrikants@biltrax.com - Type: BX1
2026-04-21 12:30:03,551 - Project: Taj Hotel, Kanpur - Email: janhavim@biltrax.com - Type: BX1
2026-04-21 14:29:21,677 - Project: IIMB New Campus, Bangalore - Email: Khushal@biltrax.com - Type: BX1
2026-04-21 14:29:29,325 - Project: Unknown Project - Email: rushabhg@biltrax.com - Type: BX2
2026-04-21 14:40:36,289 - Project: WCR Redevelopment of Railway Station, Jabalpur - Email: Khushal@biltrax.com - Type: BX1
2026-04-21 15:13:18,513 - Project: Nirvaana 90 Nirvaana, Ghatkopar - Email: shrikants@biltrax.com - Type: BX1
2026-04-21 15:36:08,713 - Project: Unknown Project - Email: devangbiltrax@gmail.com - Type: BX2
2026-04-21 16:04:15,439 - Project: CIDCO International Corporate Park, Kharghar - Email: shrikants@biltrax.com - Type: BX1
2026-04-21 16:13:38,224 - Project: Regenta Hotel Bhopal Airport - Email: saurabhkamble@biltrax.com - Type: BX1
2026-04-21 16:20:53,120 - Project: Myra Leora, Hyderabad - Email: komalsasbiltrax@gmail.com - Type: BX1
2026-04-21 16:25:01,556 - Project: Unknown Project - Email: suyashgagebx2@gmail.com - Type: BX2
2026-04-21 16:54:09,884 - Project: MIDC Marathi Bhasha Bhawan, Airoli - Email: shrikants@biltrax.com - Type: BX1
2026-04-22 10:39:13,725 - Project: Navins Antheia Poetry, Bangalore - Email: komalsasbiltrax@gmail.com - Type: BX1
2026-04-22 10:41:31,550 - Project: Jewar Greenfield International Airport - Email: pravin@biltrax.com - Type: BX1
2026-04-22 11:01:33,029 - Project: Jewar Greenfield International Airport, Noida - Email: pravin@biltrax.com - Type: BX1
2026-04-22 11:06:04,763 - Project: Shafalya Veridian, Ahmedabad - Email: shrikants@biltrax.com - Type: BX1
2026-04-22 11:57:35,323 - Project: JSBCCL New Medical College and Hospital, Bokaro - Email: Khushal@biltrax.com - Type: BX1
2026-04-22 12:13:54,502 - Project: The Sparkle, Ahmedabad - Email: shrikants@biltrax.com - Type: BX1
2026-04-22 12:30:03,782 - Project: Test Project 24-01-2026 - Email: pravin@biltrax.com - Type: BX1
2026-04-22 14:26:08,840 - Project: NBCC NIFT Campus Expansion, Varanasi - Email: shrikants@biltrax.com - Type: BX1
2026-04-22 15:57:44,852 - Project: Arsh Medical College & Hospitals, Gaya - Email: shubhamu@biltrax.com - Type: BX1
2026-04-22 15:59:29,647 - Project: Arsh Medical College & Hospitals, Gaya - Email: shubhamu@biltrax.com - Type: BX1
2026-04-22 17:54:15,184 - Project: PWD Kanaklata Baruah University, Gohpur - Email: yashybiltrax@gmail.com - Type: BX1
2026-04-22 17:58:34,956 - Project: NPS Nature Nest, Doddabanahalliahalli - Email: shrikants@biltrax.com - Type: BX1
2026-04-23 10:38:54,168 - Project: Runwal Nishitetsu Commercial, Kurla - Email: tushar@biltrax.com - Type: BX1
2026-04-23 11:05:12,970 - Project: KHB International Cricket Stadium, Indlawadi - Email: kunalbiltrax03@gmail.com - Type: BX1
2026-04-23 11:45:38,847 - Project: Pramukh Orbit 4, Surat - Email: shubhamu@biltrax.com - Type: BX1
2026-04-24 09:43:17,399 - Project: Runwal Nishitetsu Commercial, Kurla - Email: shubhamu@biltrax.com - Type: BX1
2026-04-24 09:53:41,203 - Project: TSMSIDC Teaching Hospital, Kothagudem - Email: yashybiltrax@gmail.com - Type: BX1
2026-04-24 09:56:01,505 - Project: UPPWD DPUP Veterinary College, Gorakhpur - Email: yashybiltrax@gmail.com - Type: BX1
2026-04-24 10:05:15,404 - Project: IHCL Vivanta, Talegaon - Email: pratiksha@biltrax.com - Type: BX1
2026-04-24 11:02:25,936 - Project: Google AdaniConneX AI Data Center, Tarluvada - Email: rushabhg@biltrax.com - Type: BX1
2026-04-24 11:15:24,578 - Project: Abhinav Pebbles Business Bay, Wakad - Email: pratiksha@biltrax.com - Type: BX1
2026-04-24 11:15:27,896 - Project: Abhinav Pebbles Business Bay, Wakad - Email: pratiksha@biltrax.com - Type: BX1
2026-04-24 11:27:04,597 - Project: Diamond Morya, Kolkata - Email: shrikants@biltrax.com - Type: BX1
2026-04-24 11:56:40,685 - Project: Hilton Resort & Spa, Sohna - Email: aksha@biltrax.com - Type: BX1
2026-04-24 12:21:54,781 - Project: IITB Academic Science Block 1, Powai - Email: janhavim@biltrax.com - Type: BX1
2026-04-24 12:24:01,760 - Project: Micron Millennium 155 - Email: shubhamkoltekarbiltrax@gmail.com - Type: BX1
2026-04-24 12:51:00,961 - Project: Unknown Project - Email: vikrantc@biltrax.com - Type: BX2
2026-04-27 10:22:19,320 - Project: Zade Commercial, Ahmedabad - Email: kunalbiltrax123@gmail.com - Type: BX1
2026-04-27 10:59:43,189 - Project: RRBC Straatosphere, Bangalore - Email: akshaysultane@biltrax.com - Type: BX1
2026-04-27 11:16:34,676 - Project: Ganga Anantam, Gurgaon - Email: komalsasbiltrax@gmail.com - Type: BX1
2026-04-27 11:19:15,985 - Project: Google AdaniConneX AI Data Center, Tarluvada - Email: janhavim@biltrax.com - Type: BX1
2026-04-27 11:38:11,448 - Project: Ganga Anantam, Gurgaon - Email: komalsasbiltrax@gmail.com - Type: BX1
2026-04-27 11:46:07,947 - Project: Adani Wilmar Corporate House, Ahmedabad - Email: janhavim@biltrax.com - Type: BX1
2026-04-27 12:23:27,106 - Project: Holiday Inn, Sriperumbudur - Email: vikrantc@biltrax.com - Type: BX1
2026-04-27 12:50:26,625 - Project: Uma Royal Crest Residency, Visakhapatnam - Email: akshaysultane@biltrax.com - Type: BX1
2026-04-27 12:59:50,610 - Project: Google AdaniConneX AI Data Center, Visakhapatnam - Email: vikrantc@biltrax.com - Type: BX1
2026-04-27 13:52:31,692 - Project: STT Data Centre, Ambernath - Email: shubhamkoltekarbiltrax@gmail.com - Type: BX1
2026-04-27 13:54:07,921 - Project: Amazon Data Centre, Ambernath - Email: shubhamkoltekarbiltrax@gmail.com - Type: BX1
2026-04-27 13:56:18,843 - Project: Web Werks Data Centre, Rabale - Email: shubhamkoltekarbiltrax@gmail.com - Type: BX1
2026-04-27 13:59:11,734 - Project: Lumina Panchshil Data Centre, Mahape - Email: shubhamkoltekarbiltrax@gmail.com - Type: BX1
2026-04-27 14:01:40,010 - Project: Google Data Centre, Juinagar - Email: shubhamkoltekarbiltrax@gmail.com - Type: BX1
2026-04-27 14:05:19,824 - Project: Kalp One, Pimpri Chinchwad - Email: shubhamu@biltrax.com - Type: BX1
2026-04-27 14:11:39,914 - Project: Apollomedics Hospital, Varanasi - Email: shubhamu@biltrax.com - Type: BX1
2026-04-27 14:12:44,233 - Project: CtrlS Data Centre 2, Mahape - Email: shubhamkoltekarbiltrax@gmail.com - Type: BX1
2026-04-27 15:00:29,241 - Project: Homeland Dwijay, Vijayawada - Email: shubhamu@biltrax.com - Type: BX1
2026-04-27 15:12:51,988 - Project: Tribeca The Everett, Pune - Email: pratiksha@biltrax.com - Type: BX1
2026-04-27 16:41:01,614 - Project: Dalcore The Falcon, Gurgaon - Email: shrikants@biltrax.com - Type: BX1
2026-04-27 17:22:19,345 - Project: Hyatt Place (The Lumos), Ahmedabad - Email: janhavim@biltrax.com - Type: BX1
2026-04-27 17:24:04,622 - Project: Ashirbad Hotel Project, Jagamara - Email: shubhamkoltekarbiltrax@gmail.com - Type: BX1
2026-04-27 17:28:43,178 - Project: Varma Prism, Thrissur - Email: janhavim@biltrax.com - Type: BX1
2026-04-27 17:41:53,062 - Project: Nirlon Amani Knowledge Park, Vikhroli - Email: nidhi@biltrax.com - Type: BX1
2026-04-27 17:48:29,063 - Project: Nirlon Nzuri Knowledge Park, Pune - Email: nidhi@biltrax.com - Type: BX1
2026-04-27 18:06:04,544 - Project: APCRDA Legislative Assembly Building, Amaravati - Email: harsh@biltrax.com - Type: BX1
2026-04-27 18:16:00,961 - Project: APCRDA Integrated HRD Training Institute, Amaravati - Email: harsh@biltrax.com - Type: BX1
2026-04-28 09:04:40,342 - Project: Omaxe The Legend - Email: yashybiltrax@gmail.com - Type: BX1
2026-04-28 09:14:39,656 - Project: Shubh Vastu Elanza, Vikhroli - Email: yashybiltrax@gmail.com - Type: BX1
2026-04-28 09:16:49,346 - Project: SKYi The Pwc Towers, Bhugaon - Email: yashybiltrax@gmail.com - Type: BX1
2026-04-28 09:17:49,009 - Project: NBCC Central University of Punjab Expansion, Ghudda - Email: arshil@biltrax.com - Type: BX1
2026-04-28 09:20:04,731 - Project: Savvy Merushikhar - Email: yashybiltrax@gmail.com - Type: BX1
2026-04-28 09:22:21,892 - Project: Oxirich Chintamanis, Gurugram - Email: yashybiltrax@gmail.com - Type: BX1
2026-04-28 09:31:44,621 - Project: CPWD President Estate Quaters, New Delhi - Email: yashybiltrax@gmail.com - Type: BX1
2026-04-28 09:34:24,855 - Project: HFWD PIU Super Speciality Hospital - Email: yashybiltrax@gmail.com - Type: BX1
2026-04-28 10:52:56,683 - Project: Taj Hotel, Kanpur - Email: harsh@biltrax.com - Type: BX1
2026-04-28 10:57:05,801 - Project: Bhumika Urban Square Phase 2, Sukher - Email: harsh@biltrax.com - Type: BX1
2026-04-28 11:19:29,344 - Project: Tribute Portfolio & The Westin, Whitefield - Email: harsh@biltrax.com - Type: BX1
2026-04-28 11:21:23,927 - Project: Taj Hotel, Chikmagalur - Email: harsh@biltrax.com - Type: BX1
2026-04-28 11:42:04,605 - Project: Marriott Kosi Kalan Resort & Spa - Email: shubhamkoltekarbiltrax@gmail.com - Type: BX1
2026-04-28 11:47:48,038 - Project: Salim Nandam Greenwoods, Viyyur - Email: ajitd@biltrax.com - Type: BX1
2026-04-28 12:59:14,977 - Project: Neighbourhood Tree Park, Bangalore - Email: harsh@biltrax.com - Type: BX1
2026-04-28 14:24:12,484 - Project: Kaamdhenu Growth Master, Nerul - Email: ajitd@biltrax.com - Type: BX1
2026-04-28 14:55:06,094 - Project: Hiranandani Eastbridge, Vikhroli - Email: harsh@biltrax.com - Type: BX1
2026-04-28 15:36:48,692 - Project: Construction of 4 Lecture Halls and 2 Examination Halls under EWS Scheme at Swami Ramanand Teerth Rural Government Medical College, Ambajogai - Email: sayali@biltrax.com - Type: BX1
2026-04-28 15:38:29,650 - Project: HSCC DMER Lecture Examination Halls Ambajogai - Email: sayali@biltrax.com - Type: BX1
2026-04-28 16:14:58,611 - Project: Blackstone & Lumina Data Centre, Airoli - Email: shubhamkoltekarbiltrax@gmail.com - Type: BX1
2026-04-28 17:05:11,162 - Project: Google AdaniConneX AI Data Center, Tarluvada - Email: Khushal@biltrax.com - Type: BX1
2026-04-28 17:05:15,972 - Project: Google AdaniConneX AI Data Center, Tarluvada - Email: Khushal@biltrax.com - Type: BX1
2026-04-28 17:30:12,769 - Project: RLDA Redevelopment of Railway Station, Ahmedabad - Email: kunalbiltrax03@gmail.com - Type: BX1
2026-04-28 17:54:30,751 - Project: ITC Hotel, Patna - Email: Khushal@biltrax.com - Type: BX1
2026-04-29 09:31:52,614 - Project: Anantam - Email: sayali@biltrax.com - Type: BX1
2026-04-29 09:36:38,051 - Project: NCR Redevelopment of Railway Station, Khajuraho - Email: yashybiltrax@gmail.com - Type: BX1
2026-04-29 09:44:12,905 - Project: GPYVB Shree Ambaji Mata Temple - Email: yashybiltrax@gmail.com - Type: BX1
2026-04-29 09:51:31,098 - Project: Ballads of Bliss - Email: sayali@biltrax.com - Type: BX1
2026-04-29 09:51:56,154 - Project: Bagmane Capital, Bangalore - Email: harsh@biltrax.com - Type: BX1
2026-04-29 09:54:20,882 - Project: Bagmane Capital, Bangalore - Email: harsh@biltrax.com - Type: BX1
2026-04-29 10:14:00,183 - Project: Unknown Project - Email: sayali@biltrax.com - Type: BX1
2026-04-29 10:18:25,923 - Project: Urvi - Email: sayali@biltrax.com - Type: BX1
2026-04-29 10:19:13,751 - Project: RMZ Eco World 20 & 21 - Email: shubhamkoltekarbiltrax@gmail.com - Type: BX1
2026-04-29 10:26:06,347 - Project: Sunrise Meadows - Email: sayali@biltrax.com - Type: BX1
2026-04-29 10:37:32,505 - Project: Lulu Mall, Ahmedabad - Email: shubhamu@biltrax.com - Type: BX1
2026-04-29 10:40:03,646 - Project: Nilamber Prime, Vadodara - Email: shubhamu@biltrax.com - Type: BX1
2026-04-29 10:51:32,587 - Project: Assetz BOM, Navi Mumbai - Email: shrikants@biltrax.com - Type: BX1
2026-04-29 11:06:40,144 - Project: Unknown Project - Email: sayali@biltrax.com - Type: BX1
2026-04-29 14:57:29,075 - Project: Bakeri Sakar Scintilla, Gandhinagar - Email: shrikants@biltrax.com - Type: BX1
2026-04-29 15:28:02,330 - Project: Shree Paliwal Caterers, Ahmedabad - Email: shubhamu@biltrax.com - Type: BX1
2026-04-29 15:39:57,926 - Project: Phoenix Millennium Mall, Wakad - Email: shubhamkoltekarbiltrax@gmail.com - Type: BX1
2026-04-29 17:42:47,563 - Project: Coevolve Blossoms, Bangalore - Email: gauravimusalebiltrax@gmail.com - Type: BX1
2026-04-29 17:55:18,340 - Project: SRR Hill Scape, Mamidipally - Email: dhanshreebiltrax@gmail.com - Type: BX1
2026-04-30 09:09:40,511 - Project: Jeevan Allure, Bangalore - Email: akshaysultane@biltrax.com - Type: BX1
2026-04-30 09:13:03,989 - Project: BCM Panache, Bangalore - Email: akshaysultane@biltrax.com - Type: BX1
2026-04-30 09:32:18,111 - Project: MES OTM Accommodation Phase I, Babina - Email: yashybiltrax@gmail.com - Type: BX1
2026-04-30 09:38:30,255 - Project: SAG Para High Performance Centre, Gandhinagar - Email: yashybiltrax@gmail.com - Type: BX1
2026-04-30 10:45:01,008 - Project: JSW Ruparel House, Malabar Hill - Email: harsh@biltrax.com - Type: BX1
2026-04-30 11:45:56,801 - Project: Prestige Nautilus, Worli - Email: nidhi@biltrax.com - Type: BX1
2026-04-30 11:48:51,247 - Project: Unknown Project - Email: sahilpatilbiltrax@gmail.com - Type: BX2
2026-04-30 11:53:27,922 - Project: Jeevan Allure, Bangalore - Email: rushabhg@biltrax.com - Type: BX1
2026-04-30 11:59:26,233 - Project: Marriott Kosi Kalan Resort & Spa, Mathura - Email: nidhi@biltrax.com - Type: BX1
2026-04-30 12:05:46,588 - Project: Princeton Data Centre, Chennai - Email: Khushal@biltrax.com - Type: BX1
2026-04-30 12:33:47,874 - Project: Radisson Hotel, Thane - Email: nidhi@biltrax.com - Type: BX1
2026-04-30 12:37:40,648 - Project: MES KLP Accommodation Phase II, Suratgarh - Email: ajitd@biltrax.com - Type: BX1
2026-04-30 15:17:54,247 - Project: The Summit, Siliguri - Email: shubhamkoltekarbiltrax@gmail.com - Type: BX1
2026-04-30 15:27:39,012 - Project: Azim Premji University, Ranchi - Email: kunalbiltrax03@gmail.com - Type: BX1
2026-04-30 15:27:42,291 - Project: Birla Anant Raj Residential Township, Gurgaon - Email: shrikants@biltrax.com - Type: BX1
2026-04-30 16:04:23,555 - Project: IIT Jodhpur Expansion, Jodhpur - Email: Khushal@biltrax.com - Type: BX1
2026-04-30 16:06:02,408 - Project: IIT Jodhpur Expansion, Jodhpur - Email: Khushal@biltrax.com - Type: BX1
2026-04-30 16:25:36,573 - Project: Arkasri Resort, Nayagarh - Email: shubhamkoltekarbiltrax@gmail.com - Type: BX1
2026-04-30 16:59:12,066 - Project: CPWD Supreme Court Expansion, New Delhi - Email: kunalbiltrax03@gmail.com - Type: BX1
2026-04-30 17:04:15,060 - Project: DN JW Marriott, Baramunda - Email: shubhamkoltekarbiltrax@gmail.com - Type: BX1
2026-04-30 17:28:16,360 - Project: Bhargav Stella, Pune - Email: shubhamu@biltrax.com - Type: BX1
2026-04-30 17:40:52,580 - Project: UPWD DPUP International Exhibition cum Convention Centre, Lucknow - Email: ajitd@biltrax.com - Type: BX1
2026-04-30 17:57:13,456 - Project: Unknown Project - Email: suyashgagebx2@gmail.com - Type: BX2
2026-04-30 18:06:42,875 - Project: NBCC HUDCO Administrative Block, Ahmedabad - Email: Khushal@biltrax.com - Type: BX1
2026-04-30 18:56:47,737 - Project: The Radisson Hotel, Mira Bhayandar - Email: harsh@biltrax.com - Type: BX1
2026-05-02 10:10:08,624 - Project: Kamdhenu Commercial Project, Vashi - Email: vikrantc@biltrax.com - Type: BX1
2026-05-02 10:45:40,641 - Project: Unknown Project - Email: harsh@biltrax.com - Type: BX1
2026-05-02 10:47:40,648 - Project: Unknown Project - Email: harsh@biltrax.com - Type: BX1
2026-05-02 11:47:05,534 - Project: Elan The Statement, Gurgaon - Email: harsh@biltrax.com - Type: BX1
2026-05-02 12:04:13,293 - Project: CPWD NSTI Classroom and Laboratory Building, Govindapuram - Email: ajitd@biltrax.com - Type: BX1
2026-05-02 12:07:15,849 - Project: Earth One Commercial Hub, Vadodara - Email: shubhamu@biltrax.com - Type: BX1
2026-05-02 12:17:19,702 - Project: Samarthya Empire, Surat - Email: shubhamu@biltrax.com - Type: BX1
2026-05-02 12:18:46,756 - Project: Aristo The Regal, Gandhinagar - Email: shubhamkoltekarbiltrax@gmail.com - Type: BX1
2026-05-02 12:19:11,606 - Project: Aristo The Regal, Gandhinagar - Email: shubhamkoltekarbiltrax@gmail.com - Type: BX1
2026-05-02 12:19:23,834 - Project: Aristo The Regal, Gandhinagar - Email: shubhamkoltekarbiltrax@gmail.com - Type: BX1
2026-05-02 12:19:31,866 - Project: Aristo The Regal, Gandhinagar - Email: shubhamkoltekarbiltrax@gmail.com - Type: BX1
2026-05-02 14:25:07,452 - Project: UST Campus, Kochi - Email: ajitd@biltrax.com - Type: BX1
2026-05-02 14:42:15,486 - Project: NPCI Headquarters, BKC - Email: shrikants@biltrax.com - Type: BX1
2026-05-02 15:06:51,916 - Project: UST Campus, Kochi - Email: rushabhg@biltrax.com - Type: BX1
2026-05-02 17:40:22,217 - Project: Unknown Project - Email: devangbiltrax@gmail.com - Type: BX2
2026-05-02 17:40:45,628 - Project: Unknown Project - Email: devangbiltrax@gmail.com - Type: BX2
2026-05-02 18:01:56,750 - Project: Lala Mahender Aggarwal Hospital - Email: harsh@biltrax.com - Type: BX1
2026-05-04 09:06:45,180 - Project: Krisala 41 Zillenia, Punawale - Email: komalsasbiltrax@gmail.com - Type: BX1
2026-05-04 09:24:38,644 - Project: Manas Casa Salvador, North Goa - Email: yashybiltrax@gmail.com - Type: BX1
2026-05-04 09:27:32,485 - Project: Godrej Emerald Waters, Pimpri - Email: yashybiltrax@gmail.com - Type: BX1
2026-05-04 09:29:30,116 - Project: Phoenix Tanishq, Kalyan - Email: yashybiltrax@gmail.com - Type: BX1
2026-05-04 09:32:18,965 - Project: M3M Antalya Hills, Gurgaon - Email: yashybiltrax@gmail.com - Type: BX1
2026-05-04 09:34:46,007 - Project: Essen 82 Ocean Crest, Dabolim - Email: yashybiltrax@gmail.com - Type: BX1
2026-05-04 09:42:33,961 - Project: NUPPL HITES Integrated Township, Dumka - Email: yashybiltrax@gmail.com - Type: BX1
2026-05-04 10:02:28,356 - Project: UPHDB Mahatma Buddh Technical & Agricultural University (Phase-I), Kushinagar - Email: yashybiltrax@gmail.com - Type: BX1
2026-05-04 10:39:38,911 - Project: Madhav Netralaya Eye Institute and Research Center - Email: shubhamkoltekarbiltrax@gmail.com - Type: BX1
2026-05-04 11:42:07,837 - Project: Saturn Hospital, Nagpur - Email: janhavim@biltrax.com - Type: BX1
2026-05-04 11:45:14,673 - Project: Bagmane Capital, Bangalore - Email: shubhamkoltekarbiltrax@gmail.com - Type: BX1
2026-05-04 12:05:45,021 - Project: Delhi Metro Phase 4 (Inderlok - Indraprastha) - Email: vikrantc@biltrax.com - Type: BX1
2026-05-04 12:12:48,858 - Project: Dream Works Codename Velvet, Balewadi - Email: nidhi14.biltrax@gmail.com - Type: BX1
2026-05-04 12:55:25,051 - Project: Suyog Shrushti, Fursungi - Email: rushabhg@biltrax.com - Type: BX1
2026-05-04 14:11:38,989 - Project: PWD Multi Level Car Parking Plaza, Nagpur - Email: ajitd@biltrax.com - Type: BX1
2026-05-04 14:19:49,678 - Project: Nirman RK Amor, Mamurdi - Email: nidhi14.biltrax@gmail.com - Type: BX1
2026-05-04 14:57:43,888 - Project: Embassy Eden, Bangalore - Email: suchitra@biltrax.com - Type: BX1
2026-05-04 17:13:33,426 - Project: Trade ITI Building - Email: saurabhkamble@biltrax.com - Type: BX1
2026-05-04 17:15:43,010 - Project: Unknown Project - Email: saurabhkamble@biltrax.com - Type: BX1
2026-05-04 17:21:54,326 - Project: UST Campus, Kochi - Email: akshaysultane@biltrax.com - Type: BX1
2026-05-05 09:26:20,838 - Project: Artismo Millionaire Tower, Bangalore - Email: komalsasbiltrax@gmail.com - Type: BX1
2026-05-05 09:26:24,426 - Project: Artismo Millionaire Tower, Bangalore - Email: komalsasbiltrax@gmail.com - Type: BX1
2026-05-05 09:38:33,527 - Project: KRIDE Bengaluru Suburban Rail Project, (KSR Bengaluru City - Yelahanka) - Email: yashybiltrax@gmail.com - Type: BX1
2026-05-05 09:46:04,072 - Project: UPCDS Residential Building (Type B), Ibrahimpur - Email: yashybiltrax@gmail.com - Type: BX1
2026-05-05 12:17:45,481 - Project: MORTH Four Laning of Patur to Shegaon Section of NH 161G - Email: komalsasbiltrax@gmail.com - Type: BX1
2026-05-05 12:45:30,145 - Project: NHP W55, Santacruz - Email: ajitd@biltrax.com - Type: BX1
2026-05-05 14:01:42,280 - Project: APCRDA Secretariat & HoD Offices (Tower 1 & 2), Amaravati - Email: chinmaydbiltrax@gmail.com - Type: BX1
2026-05-05 14:10:39,646 - Project: M3M The Line, Noida - Email: harsh@biltrax.com - Type: BX1
2026-05-05 15:00:11,122 - Project: The Park Unizen, Kolkata - Email: shashig@biltrax.com - Type: BX1
2026-05-05 15:36:15,052 - Project: Sampad Harved Supremo, Gandhinagar - Email: nidhi14.biltrax@gmail.com - Type: BX1
2026-05-05 15:52:41,852 - Project: Fairfield by Marriott Bengaluru Brigade Valencia, Bangalore - Email: shubhamkoltekarbiltrax@gmail.com - Type: BX1
2026-05-05 16:32:00,068 - Project: CPWD New Academic Building, Dwarka - Email: janhavim@biltrax.com - Type: BX1
2026-05-05 17:58:07,597 - Project: CPWD NCDC Building, Bhopal - Email: shubhamu@biltrax.com - Type: BX1
2026-05-06 10:03:17,910 - Project: RITES IIM Campus Expansion Phase II, Raipur - Email: ronit@biltrax.com - Type: BX1
2026-05-06 10:33:36,799 - Project: NMS Palm Amore, Seawoods - Email: vikrantc@biltrax.com - Type: BX1
2026-05-06 12:03:33,658 - Project: UPMRC Depot Cum Workshop, Vasant Kunj - Email: vikrantc@biltrax.com - Type: BX1
2026-05-06 15:16:08,017 - Project: Wave Eden, Ghaziabad - Email: komalsasbiltrax@gmail.com - Type: BX1
2026-05-06 15:25:05,217 - Project: Paradise Sai World Dreams, Dombivli - Email: nidhi14.biltrax@gmail.com - Type: BX1
2026-05-06 15:43:37,316 - Project: UPPWD DPUP Veterinary College, Gorakhpur - Email: yashybiltrax@gmail.com - Type: BX1
2026-05-06 15:51:49,235 - Project: CPWD Electrical Engineer Block, Jalandhar - Email: yashybiltrax@gmail.com - Type: BX1
2026-05-06 16:45:08,609 - Project: Neelam Senroofs, Mulund - Email: gauravimusalebiltrax@gmail.com - Type: BX1
2026-05-07 09:16:57,973 - Project: Patil TBC Square (Capital X), Wagle Estate - Email: shubhamkoltekarbiltrax@gmail.com - Type: BX1
2026-05-07 09:25:23,857 - Project: Ganesh One 91, Thaltej - Email: shubhamkoltekarbiltrax@gmail.com - Type: BX1
2026-05-07 09:25:27,805 - Project: Ganesh One 91, Thaltej - Email: shubhamkoltekarbiltrax@gmail.com - Type: BX1
2026-05-07 09:30:52,346 - Project: Oberoi Anant Vilas Hotel, BKC - Email: pooja16@gmail.com - Type: BX1
2026-05-07 09:42:14,221 - Project: Radhey Residential, Hyderabad - Email: pooja16@gmail.com - Type: BX1
2026-05-07 10:24:13,884 - Project: RRBC Straatosphere, Bangalore - Email: komalsasbiltrax@gmail.com - Type: BX1
2026-05-07 10:48:19,291 - Project: A Shridhar Wynn, Ahmedabad - Email: ajitd@biltrax.com - Type: BX1
2026-05-07 10:52:38,664 - Project: Crescent Western Trade Center, Mira Road - Email: ajitd@biltrax.com - Type: BX1
2026-05-07 11:01:37,048 - Project: Unknown Project - Email: tushar@biltrax.com - Type: BX2
2026-05-07 11:10:17,371 - Project: Satyamev Jamnadas Corporate House, Ahmedabad - Email: shubhamkoltekarbiltrax@gmail.com - Type: BX1
2026-05-07 11:13:54,805 - Project: Rupa Crystal, Mahape - Email: shubhamkoltekarbiltrax@gmail.com - Type: BX1
2026-05-07 11:19:28,179 - Project: A Shridhar Wynn, Ahmedabad - Email: shubhamkoltekarbiltrax@gmail.com - Type: BX1
2026-05-07 14:27:14,462 - Project: AIPL Autograph, Gurgaon - Email: shubhamkoltekarbiltrax@gmail.com - Type: BX1
2026-05-07 15:03:20,681 - Project: Disha Whitehill Towers, Kadugodi - Email: shubhamu@biltrax.com - Type: BX1
2026-05-07 15:06:25,661 - Project: M3M Paragon 57, Gurgaon - Email: shubhamkoltekarbiltrax@gmail.com - Type: BX1
2026-05-07 16:08:22,684 - Project: Elan Empire, Gurgaon - Email: shubhamkoltekarbiltrax@gmail.com - Type: BX1
2026-05-07 16:31:13,089 - Project: Transcon Yura Business Park, Juhu - Email: arshil@biltrax.com - Type: BX1
2026-05-07 16:39:04,945 - Project: STT Global Data Centre 2 and 3, Kopar Khairane - Email: shubhamkoltekarbiltrax@gmail.com - Type: BX1
2026-05-07 16:47:02,202 - Project: Rupa Crystal, Mahape - Email: shubhamkoltekarbiltrax@gmail.com - Type: BX1
2026-05-07 16:50:16,885 - Project: Web Werks Data Centre, Rabale - Email: harsh@biltrax.com - Type: BX1
2026-05-07 17:10:55,444 - Project: Vora Hive 97, Malad - Email: shubhamkoltekarbiltrax@gmail.com - Type: BX1
2026-05-07 17:13:30,556 - Project: Shreesh Residential, Ahmedabad - Email: nidhi14.biltrax@gmail.com - Type: BX1
2026-05-07 17:45:48,200 - Project: MSPHC Administrative and Residential Buildings, Mouje Isasani - Email: yashybiltrax@gmail.com - Type: BX1
2026-05-07 17:47:57,474 - Project: UPMRC Depot Cum Workshop, Vasant Kunj - Email: yashybiltrax@gmail.com - Type: BX1
2026-05-07 17:55:24,772 - Project: Galaxy mixed use development - Email: shubhamkhairnarbiltrax@gmail.com - Type: BX1
2026-05-07 17:57:22,835 - Project: Galaxy City, Guwahati - Email: shubhamkhairnarbiltrax@gmail.com - Type: BX1
2026-05-08 09:09:46,977 - Project: Fairfield by Marriott Bengaluru Brigade Valencia, Bangalore - Email: akshaysultane@biltrax.com - Type: BX1
2026-05-08 09:11:36,542 - Project: Zed Five Star Hotel, Belvata - Email: akshaysultane@biltrax.com - Type: BX1
2026-05-08 09:16:49,094 - Project: Jeevan Allure, Bangalore - Email: akshaysultane@biltrax.com - Type: BX1
2026-05-08 09:26:28,858 - Project: Unknown Project - Email: suyashgagebx2@gmail.com - Type: BX2
2026-05-08 09:36:57,546 - Project: Fortune Seven, Sarjapur - Email: akshaysultane@biltrax.com - Type: BX1
2026-05-08 09:59:39,869 - Project: MSPHC Administrative and Residential Buildings, Mouje Isasani - Email: yashybiltrax@gmail.com - Type: BX1
2026-05-08 10:01:37,521 - Project: SAG Para High Performance Centre - Email: yashybiltrax@gmail.com - Type: BX1
2026-05-08 11:29:58,431 - Project: Chordia Gulmohar Heights, Keshopura - Email: komalsasbiltrax@gmail.com - Type: BX1
2026-05-08 11:42:26,624 - Project: Unknown Project - Email: vikrantc@biltrax.com - Type: BX2
2026-05-08 12:40:19,914 - Project: Delhi Metro Phase 4, Line 5 Extension, Package D2C - 06 (Inderlok - Indraprastha) - Email: vikrantc@biltrax.com - Type: BX1
2026-05-08 14:52:00,971 - Project: Hilite Centre, Kanippayyur - Email: janhavim@biltrax.com - Type: BX1
2026-05-08 14:54:01,354 - Project: Fastech Vasant Square, Ghaziabad - Email: arshil@biltrax.com - Type: BX1
2026-05-08 14:54:44,216 - Project: Vibgyor School, Hinjewadi - Email: shubhamu@biltrax.com - Type: BX1
2026-05-08 15:00:22,753 - Project: Hyatt The Ganga, Gift City - Email: janhavim@biltrax.com - Type: BX1
2026-05-08 15:35:20,457 - Project: Srijan Laguna Bay, Tangra - Email: shubhamu@biltrax.com - Type: BX1
2026-05-08 16:44:25,061 - Project: NHAI Four Laning of Savali Vihir to Ahmednagar Bypass Section of NH-160 - Email: komalsasbiltrax@gmail.com - Type: BX1
2026-05-08 17:34:05,932 - Project: One Axis, Newtown - Email: shubhamkoltekarbiltrax@gmail.com - Type: BX1
2026-05-08 17:57:51,552 - Project: Lords Boutique Hotel, Lucknow - Email: nidhi@biltrax.com - Type: BX1
2026-05-11 09:29:40,903 - Project: Essen 82 Ocean Crest - Email: yashybiltrax@gmail.com - Type: BX1
2026-05-11 09:33:50,923 - Project: CRA Maxvel Al Vista, Rohini - Email: komalsasbiltrax@gmail.com - Type: BX1
2026-05-11 09:38:55,549 - Project: Marathon Sunset Gardens, Mulund - Email: yashybiltrax@gmail.com - Type: BX1
2026-05-11 09:51:01,650 - Project: Lakhani Empire Heritage, Panchpakhdi - Email: yashybiltrax@gmail.com - Type: BX1
2026-05-11 09:58:48,951 - Project: Chordia Gulmohar Heights, Keshopura - Email: yashybiltrax@gmail.com - Type: BX1
2026-05-11 10:06:43,741 - Project: Splendor Esquina, Andheri - Email: harsh@biltrax.com - Type: BX1
2026-05-11 10:08:37,751 - Project: Romell Myra, Andheri - Email: suchitra@biltrax.com - Type: BX1
2026-05-11 10:36:41,323 - Project: NBCC Redevelopment of GPRA Colony (VIII C), Sarojini Nagar - Email: yashybiltrax@gmail.com - Type: BX1
2026-05-11 10:38:22,868 - Project: CPWD NCDC Office Building, Nayashar - Email: yashybiltrax@gmail.com - Type: BX1
2026-05-11 10:55:33,999 - Project: Unknown Project - Email: suyashgagebx2@gmail.com - Type: BX2
2026-05-11 11:20:52,751 - Project: Southfield Datta Ashoka, Thane - Email: suchitra@biltrax.com - Type: BX1
2026-05-11 12:43:58,809 - Project: Conscient Hines Elevate, Gurgaon - Email: shubhamkoltekarbiltrax@gmail.com - Type: BX1
2026-05-11 12:48:48,591 - Project: Ranav Residential, Koraluru - Email: akshaysultane@biltrax.com - Type: BX1
2026-05-11 15:52:18,715 - Project: Unknown Project - Email: shubhamkoltekarbiltrax@gmail.com - Type: BX1
2026-05-11 16:00:01,005 - Project: Vision 24 Degree, Wadmukhwadi - Email: kunalbiltra123@gmail.com - Type: BX1
2026-05-12 09:27:07,954 - Project: DR PDKVA Government College Of Agriculture, Buldhana - Email: yashybiltrax@gmail.com - Type: BX1
2026-05-12 09:29:45,874 - Project: MPBDCL Kanya Shiksha Campus Expansion, Nisarpur - Email: yashybiltrax@gmail.com - Type: BX1
2026-05-12 09:35:12,283 - Project: Sandheera Residential Project, Muthangi - Email: suchitra@biltrax.com - Type: BX1
2026-05-12 09:44:07,356 - Project: NBCC RIICO Rajasthan Mandapam Complex (Package 1), Jaipur - Email: Khushal@biltrax.com - Type: BX1
2026-05-12 10:13:41,225 - Project: NBR Soul of the Seasons, Bangalore - Email: komalsasbiltrax@gmail.com - Type: BX1
2026-05-12 10:49:13,501 - Project: Vision 24 Degree, Wadmukhwadi - Email: suchitra@biltrax.com - Type: BX1
2026-05-12 11:40:29,683 - Project: Elan Paradise, Gurgaon - Email: shubhamkoltekarbiltrax@gmail.com - Type: BX1
2026-05-12 11:50:19,022 - Project: Reliance AI Data Centre, Visakhapatnam - Email: rushabhg@biltrax.com - Type: BX1
2026-05-12 12:00:45,175 - Project: CIDCO Maharashtra Bhawan, Vashi - Email: ajitd@biltrax.com - Type: BX1
2026-05-12 12:44:43,664 - Project: Skyline Business World, Marol - Email: nidhi@biltrax.com - Type: BX1
2026-05-12 12:50:47,624 - Project: Sreerosh Icon, Kannur - Email: ajitd@biltrax.com - Type: BX1
2026-05-12 13:48:30,294 - Project: L&T Elara Celestia, Bangalore - Email: akshaysultane@biltrax.com - Type: BX1
2026-05-12 15:32:13,274 - Project: NHAI Elimination of At-Grade Junctions at Two Locations on NH 965 - Email: komalsasbiltrax@gmail.com - Type: BX1
2026-05-12 16:26:29,134 - Project: Double Tree by Hilton, Lucknow - Email: janhavibiltrax30@gmail.com - Type: BX1
2026-05-12 17:12:33,077 - Project: Mana The Right Life, Bangalore - Email: harsh@biltrax.com - Type: BX1
2026-05-13 09:38:54,931 - Project: MSIDC Nashik Ring Road (Package 7) - Email: komalsasbiltrax@gmail.com - Type: BX1
2026-05-13 09:50:18,331 - Project: MPBDCL Kanya Shiksha Campus Expansion, Nalchha - Email: yashybiltrax@gmail.com - Type: BX1
2026-05-13 09:50:21,676 - Project: NHAI Six Lane Flyover at Chichgadh Section of NH 53 - Email: komalsasbiltrax@gmail.com - Type: BX1
2026-05-13 09:55:40,121 - Project: NBCC RGIPT Energy Institute Expansion, Bangalore - Email: yashybiltrax@gmail.com - Type: BX1
2026-05-13 10:23:54,956 - Project: Wone Royal Nest, Bangalore - Email: komalsasbiltrax@gmail.com - Type: BX1
2026-05-13 12:28:55,272 - Project: MPSEDCL Data Centre, Indore - Email: ajitd@biltrax.com - Type: BX1
2026-05-13 14:54:07,788 - Project: RLDA Redevelopment of Railway Station, Ahmedabad - Email: vikrantc@biltrax.com - Type: BX1
2026-05-13 16:18:54,630 - Project: CIDCO Four Laning of Kharghar to Turbhe Link Road - Email: harsh@biltrax.com - Type: BX1
2026-05-13 16:19:34,011 - Project: CIDCO Four Laning of Kharghar to Turbhe Link Road - Email: harsh@biltrax.com - Type: BX1
2026-05-13 16:46:32,107 - Project: CPWD Referral Centre Wild Life Centre (Phase 1) - Email: vikrantc@biltrax.com - Type: BX1
2026-05-13 16:48:22,997 - Project: Adani Workmen Accommodation, Mundra - Email: shubhamkoltekarbiltrax@gmail.com - Type: BX1
2026-05-13 17:45:07,380 - Project: Unknown Project - Email: saurabhkamble@biltrax.com - Type: BX1
2026-05-15 14:36:35,305 - Project: MSIDC Dr Panjabrao Deshmukh International Exhibition and Convention Center - Email: pravin@biltrax.com - Type: BX1
2026-05-15 16:10:26,765 - Project: MSIDC Divisional Commissioner and District Collector Office, Nagpur - Email: pravin@biltrax.com - Type: BX1
2026-05-15 16:12:25,573 - Project: DKVA Government College Of Agriculture, Nagpur - Email: pravin@biltrax.com - Type: BX1
2026-05-15 16:14:40,712 - Project: RITES DMER Government Medical College & Hospital, Amravati - Email: pravin@biltrax.com - Type: BX1
2026-05-15 17:46:43,376 - Project: MSIDC Veterinary & Animal Science College, Akola - Email: pravin@biltrax.com - Type: BX1
2026-05-16 09:21:00,644 - Project: Ampa Hi Life- Taj Branded Residences - Email: shubhamkoltekarbiltrax@gmail.com - Type: BX1
2026-05-16 09:45:08,727 - Project: Unknown Project - Email: komalsasbiltrax@gmail.com - Type: BX2
2026-05-16 10:34:34,925 - Project: Saya Status, Noida - Email: shubhamkoltekarbiltrax@gmail.com - Type: BX1
2026-05-16 11:03:55,156 - Project: Rohan Sea View, Mangalore - Email: komalsasbiltrax@gmail.com - Type: BX1
2026-05-16 11:06:37,764 - Project: United The Citadel, Bopal - Email: omkarkhatu@biltrax.com - Type: BX1
2026-05-16 11:10:52,043 - Project: Unknown Project - Email: komalsasbiltrax@gmail.com - Type: BX2
2026-05-16 11:13:23,737 - Project: SS White Water, Gurgaon - Email: omkarkhatu@biltrax.com - Type: BX1
2026-05-16 11:16:13,433 - Project: Baashyaam Promenade, Adyar - Email: shubhamkoltekarbiltrax@gmail.com - Type: BX1
2026-05-16 11:22:26,911 - Project: Vivanta Hotel, Mysore - Email: akshaysultane@biltrax.com - Type: BX1
2026-05-16 11:26:22,701 - Project: Adarsh Lake Reserva Phase 1, Arekere - Email: akshaysultane@biltrax.com - Type: BX1
2026-05-16 11:26:59,151 - Project: Triune IT Park, Noida - Email: shubhamkoltekarbiltrax@gmail.com - Type: BX1
2026-05-16 11:31:44,883 - Project: Assetz Trees & Tandem, Anekal - Email: omkarkhatu00@gmail.com - Type: BX1
2026-05-16 11:32:34,555 - Project: Kalyani Business Park, Devarabeesanahalli - Email: akshaysultane@biltrax.com - Type: BX1
2026-05-16 11:46:34,736 - Project: Capgemini Commercial Project, Siruseri - Email: omkarkhatu@biltrax.com - Type: BX1
2026-05-16 12:03:47,674 - Project: AIPL Autograph - Email: omkarkhatu@biltrax.com - Type: BX1
2026-05-16 12:10:26,598 - Project: Ampa Hi Life- Taj Branded Residences, Aminjikarai - Email: omkarkhatu@biltrax.com - Type: BX1
2026-05-16 12:21:35,135 - Project: Chalet The Taj, IGIA Delhi - Email: harsh@biltrax.com - Type: BX1
2026-05-16 13:00:07,110 - Project: NHAI Three VUPs on Puintola to lcchapuram Section of NH 16 - Email: komalsasbiltrax@gmail.com - Type: BX1
2026-05-16 16:02:57,611 - Project: SS White Water, Gurgaon - Email: harsh@biltrax.com - Type: BX1
2026-05-16 16:06:07,025 - Project: IHCL Vivanta, Talegaon - Email: harsh@biltrax.com - Type: BX1
2026-05-16 16:10:07,002 - Project: CPM The Rise, Sawer - Email: harsh@biltrax.com - Type: BX1
2026-05-16 16:13:10,976 - Project: SS Cendana Residencies, Gurgaon - Email: suchitra@biltrax.com - Type: BX1
2026-05-16 16:18:28,887 - Project: Baashyaam Promenade, Adyar - Email: harsh@biltrax.com - Type: BX1
2026-05-16 17:12:36,376 - Project: Galaxy Sawasdee Heights, Delhi - Email: suchitra@biltrax.com - Type: BX1
2026-05-16 17:29:42,014 - Project: Radisson Hotel, Siliguri - Email: harsh@biltrax.com - Type: BX1
2026-05-16 17:54:59,075 - Project: NHAI Six Laning of Kamrej to Chalthan Section of NH-48 - Email: komalsasbiltrax@gmail.com - Type: BX1
2026-05-16 17:56:40,869 - Project: Microsoft Data Center PNQ04, Pimpri Chinchwad - Email: snehakatkarbiltrax@gmail.com - Type: BX1
2026-05-16 18:01:44,649 - Project: SBTL Ithums 62, Noida - Email: harsh@biltrax.com - Type: BX1
2026-05-18 09:39:11,808 - Project: Oceanus Grandeur, Palakkad - Email: rushabhg@biltrax.com - Type: BX1
2026-05-18 09:59:51,659 - Project: Tarc Kailasa, New Delhi - Email: yashybiltrax@gmail.com - Type: BX1
2026-05-18 10:03:24,713 - Project: Aratt Ayatana Residences E-City, Anekal - Email: komalsasbiltrax@gmail.com - Type: BX1
2026-05-18 10:09:38,286 - Project: Whiteland Blissville - Email: yashybiltrax@gmail.com - Type: BX1
2026-05-18 10:12:50,190 - Project: IHCL Vivanta, Talegaon - Email: suchitra@biltrax.com - Type: BX1
2026-05-18 10:18:17,261 - Project: Micro Cybercity, Indore - Email: harsh@biltrax.com - Type: BX1
2026-05-18 10:23:31,530 - Project: VSC Rishi Enclave, Thiruvananthapuram - Email: ajitd@biltrax.com - Type: BX1
2026-05-18 10:25:30,874 - Project: GOT High Level Bridge Across Thenpennaiyar River - Email: komalsasbiltrax@gmail.com - Type: BX1
2026-05-18 10:40:39,722 - Project: Dion Sky Walk, Bidaydharpur - Email: yashybiltrax@gmail.com - Type: BX1
2026-05-18 10:41:38,101 - Project: Dion Sky Walk - Email: yashybiltrax@gmail.com - Type: BX1
2026-05-18 10:50:53,841 - Project: AGI Sky Garden 2, Jalandhar - Email: yashybiltrax@gmail.com - Type: BX1
2026-05-18 10:52:07,499 - Project: Plan M Business Park, Turbhe - Email: ajitd@biltrax.com - Type: BX1
2026-05-18 10:59:14,921 - Project: Asset Majestic, Chiyyaram - Email: yashybiltrax@gmail.com - Type: BX1
2026-05-18 11:17:59,583 - Project: BMSICL Lohia Medical College & Hospital - Email: suchitra@biltrax.com - Type: BX1
2026-05-18 11:26:44,108 - Project: BMSICL Lohia Medical College & Hospital, Supaul - Email: suchitra@biltrax.com - Type: BX1
2026-05-18 12:50:03,614 - Project: Aratt Ayatana Residences E-City, Anekal - Email: akshaysultane@biltrax.com - Type: BX1
2026-05-18 12:54:22,545 - Project: Vaishnodevi Melange One, Bangalore - Email: akshaysultane@biltrax.com - Type: BX1
2026-05-18 12:58:41,215 - Project: Shubh Veda, Chinchwad - Email: snehakatkarbiltrax@gmail.com - Type: BX1
2026-05-18 12:59:14,823 - Project: Shubh Veda, Chinchwad - Email: snehakatkarbiltrax@gmail.com - Type: BX1
2026-05-18 13:00:40,522 - Project: Shubh Veda, Chinchwad - Email: snehakatkarbiltrax@gmail.com - Type: BX1
2026-05-18 13:01:37,658 - Project: Shubh Veda, Chinchwad - Email: snehakatkarbiltrax@gmail.com - Type: BX1
2026-05-18 14:26:34,437 - Project: MVN Aero One, Gurgaon - Email: omkarkhatu@biltrax.com - Type: BX1
2026-05-18 14:33:48,015 - Project: CIDCO International Corporate Park, Kharghar - Email: nidhi@biltrax.com - Type: BX1
2026-05-18 14:36:42,054 - Project: Jagdale Edge, Thane - Email: nidhi@biltrax.com - Type: BX1
2026-05-18 14:42:31,195 - Project: Radisson Hotel, Thane - Email: nidhi@biltrax.com - Type: BX1
2026-05-18 14:42:40,976 - Project: Planet Hollywood, Lucknow - Email: vikrantc@biltrax.com - Type: BX1
2026-05-18 14:45:03,535 - Project: Ashoka Park Life, Pocharam - Email: suchitra@biltrax.com - Type: BX1
2026-05-18 14:45:46,311 - Project: The Radisson Hotel, Mira Bhayandar - Email: nidhi@biltrax.com - Type: BX1
2026-05-18 14:47:20,884 - Project: Planet Hollywood, Rishikesh - Email: vikrantc@biltrax.com - Type: BX1
2026-05-18 14:58:01,375 - Project: Paras Avenue, Noida - Email: shubhamkoltekarbiltrax@gmail.com - Type: BX1
2026-05-18 15:42:14,001 - Project: Ceratec Tower 108, Pune - Email: harsh@biltrax.com - Type: BX1
2026-05-18 15:47:40,448 - Project: Vaishno Skyvue, Kollur - Email: harsh@biltrax.com - Type: BX1
2026-05-18 15:48:00,677 - Project: Vaishno Skyvue, Kollur - Email: harsh@biltrax.com - Type: BX1
2026-05-18 15:49:48,031 - Project: Rohan 30 Little Gibbs, Malabar - Email: shubhamkoltekarbiltrax@gmail.com - Type: BX1
2026-05-18 16:53:24,361 - Project: MPPHC NGO and Constable Quarters, Bhadbhada - Email: yashybiltrax@gmail.com - Type: BX1
2026-05-18 16:55:12,928 - Project: INKEL HFWD Super Speciality Block, Thrissur - Email: yashybiltrax@gmail.com - Type: BX1
2026-05-18 17:24:39,812 - Project: MORTH Four Laning of Keshkal Bypass of NH 43 (Balance Work) - Email: komalsasbiltrax@gmail.com - Type: BX1
2026-05-18 18:00:36,730 - Project: Google Data Centre, Juinagar - Email: yashybiltrax@gmail.com - Type: BX1
2026-05-19 09:19:50,735 - Project: Crescent Western Trade Centre T2 - Email: shubhamkoltekarbiltrax@gmail.com - Type: BX1
2026-05-19 09:19:54,468 - Project: Blue Aura, Bangalore - Email: rushabhg@biltrax.com - Type: BX1
2026-05-19 09:21:06,830 - Project: APEWIDC SPMVV College Expansion, Padmavati Nagar - Email: yashybiltrax@gmail.com - Type: BX1
2026-05-19 09:22:49,519 - Project: HFWD NHM Critical Care Block, Phalodi - Email: yashybiltrax@gmail.com - Type: BX1
2026-05-19 09:26:48,439 - Project: NHAI Malegaon - Manmad - Kopargaon Section of NH 160 & 752G - Email: komalsasbiltrax@gmail.com - Type: BX1
2026-05-19 09:37:07,735 - Project: Vatika Footfalls, Gurgaon - Email: omkarkhatu@biltrax.com - Type: BX1
2026-05-19 09:47:32,436 - Project: Smart World ES, Noida - Email: omkarkhatu@biltrax.com - Type: BX1
2026-05-19 10:24:32,137 - Project: Tulip Crimson, Gurgaon - Email: komalsasbiltrax@gmail.com - Type: BX1
2026-05-19 11:03:46,726 - Project: Aradhana Bhavyaa Green Aroma, Ramnagaria - Email: akshaysultane@biltrax.com - Type: BX1
2026-05-19 11:05:10,717 - Project: Shree Antilia Mansion, Jaipur - Email: akshaysultane@biltrax.com - Type: BX1
2026-05-19 11:18:28,064 - Project: Shree Antilia Mansion, Jaipur - Email: akshaysultane@biltrax.com - Type: BX1
2026-05-19 11:19:47,692 - Project: PWD Institution of Wildlife Health and Research, Dhinjan - Email: omkarkhatu@biltrax.com - Type: BX1
2026-05-19 11:31:53,088 - Project: APTS L Quantum Valley Tech Park, Amaravati - Email: harsh@biltrax.com - Type: BX1
2026-05-19 11:34:28,756 - Project: KIMS Hospital & BISER Medical College, Amaravati - Email: harsh@biltrax.com - Type: BX1
2026-05-19 11:50:13,579 - Project: NHAI Six Lane Flyover at Kohmara Junction of NH 53 - Email: komalsasbiltrax@gmail.com - Type: BX1
2026-05-19 12:01:38,261 - Project: M3M Jacob & Co, Noida - Email: shubhamkoltekarbiltrax@gmail.com - Type: BX1
2026-05-19 12:08:08,833 - Project: Smart World ES - Email: shubhamkoltekarbiltrax@gmail.com - Type: BX1
2026-05-19 12:24:51,855 - Project: Reliance AI Data Centre, Visakhapatnam - Email: harsh@biltrax.com - Type: BX1
2026-05-19 12:33:50,856 - Project: Max Eqova Hospital, Patparganj - Email: shubhamkoltekarbiltrax@gmail.com - Type: BX1
2026-05-19 12:52:59,969 - Project: Unknown Project - Email: vikrantc@biltrax.com - Type: BX2
2026-05-19 13:54:00,105 - Project: Solitaire Business Hub 3 Phase 2, Baner - Email: shubhamu@biltrax.com - Type: BX1
2026-05-19 15:06:31,269 - Project: Cochin International Airport Expansion, Cochin - Email: ajitd@biltrax.com - Type: BX1
2026-05-19 15:21:27,473 - Project: SR Redevelopment of Railway Station, Ernakulam Junction (Package - 1) - Email: ajitd@biltrax.com - Type: BX1
2026-05-19 16:11:47,209 - Project: Novotel and Ibis Styles Hotel, Bangalore - Email: shubhamkoltekarbiltrax@gmail.com - Type: BX1
2026-05-19 17:13:01,127 - Project: Saskan Five Star Hotel, Bangalore - Email: shubhamkoltekarbiltrax@gmail.com - Type: BX1
2026-05-19 17:35:49,213 - Project: Cybage Tower Expansion, Pune - Email: harsh@biltrax.com - Type: BX1
2026-05-19 17:45:50,016 - Project: Lata Mangeshkar Institute of Medical Sciences, Pune - Email: harsh@biltrax.com - Type: BX1
2026-05-19 17:53:34,772 - Project: BSP City Walk, Bilaspur - Email: shrikants@biltrax.com - Type: BX1
2026-05-19 17:55:38,340 - Project: Asvi Annapurna Arcade, Kadiri - Email: akshaysultane@biltrax.com - Type: BX1
2026-05-20 09:09:46,449 - Project: V & M Mahira Elite, Ambala - Email: rushabhg@biltrax.com - Type: BX1
2026-05-20 09:33:21,175 - Project: UPPCL Sports Stadium, Shamli - Email: yashybiltrax@gmail.com - Type: BX1
2026-05-20 09:33:32,315 - Project: Paras Hospital, Panchkula - Email: Khushal@biltrax.com - Type: BX1
2026-05-20 09:36:40,333 - Project: HSCC DMER Lecture & Examination Halls, Ambajogai - Email: yashybiltrax@gmail.com - Type: BX1
2026-05-20 09:38:36,358 - Project: Livasa Hospital, Ludhiana - Email: Khushal@biltrax.com - Type: BX1
2026-05-20 10:11:46,344 - Project: Holiday Inn Express, Bhopal - Email: shubhamu@biltrax.com - Type: BX1
2026-05-20 10:15:01,834 - Project: Trehan Iris Omara, Gurgaon - Email: komalsasbiltrax@gmail.com - Type: BX1
2026-05-20 12:04:42,118 - Project: Krisumi City, Gurgaon - Email: suchitra@biltrax.com - Type: BX1
2026-05-20 14:11:39,847 - Project: Delhi Metro Phase 5A, Line 8 Extension, (RK Ashram - Marg Indraprastha) - Email: vikrantc@biltrax.com - Type: BX1
2026-05-20 14:17:35,867 - Project: Delhi Metro Phase 5A, Line 8 Extension, (RK Ashram - Marg Indraprastha) - Email: vikrantc@biltrax.com - Type: BX1
2026-05-20 14:18:46,323 - Project: Delhi Metro Phase 5A, Line 8 Extension, (RK Ashram - Marg Indraprastha) - Email: vikrantc@biltrax.com - Type: BX1
2026-05-20 14:53:39,942 - Project: RMZ Nexus, Jogeshwari - Email: harsh@biltrax.com - Type: BX1
2026-05-20 14:56:56,526 - Project: RMZ Nexus, Jogeshwari - Email: harsh@biltrax.com - Type: BX1
2026-05-20 15:00:36,755 - Project: Unknown Project - Email: sankalpbiltrax@gmail.com - Type: BX2
2026-05-20 15:25:23,487 - Project: Hyatt The Ganga, Gift City - Email: harsh@biltrax.com - Type: BX1
2026-05-20 15:58:38,035 - Project: Mellora 5 Star Hospitality, Aurangabad - Email: harsh@biltrax.com - Type: BX1
2026-05-20 16:05:09,108 - Project: Lumina Datacenter, Chandivali - Email: harsh@biltrax.com - Type: BX1
2026-05-20 16:06:59,337 - Project: Lumina Datacenter, Chandivali - Email: harsh@biltrax.com - Type: BX1
2026-05-20 16:32:03,732 - Project: Taj Resort, Ranthambore - Email: harsh@biltrax.com - Type: BX1
2026-05-20 16:34:52,851 - Project: DoubleTree by Hilton Malaxmi One, Amaravati - Email: harsh@biltrax.com - Type: BX1
2026-05-20 16:35:51,591 - Project: DoubleTree by Hilton Malaxmi One, Amaravati - Email: harsh@biltrax.com - Type: BX1
2026-05-20 16:37:00,194 - Project: Devbhoomi The Dwarka Resort, Dwarka - Email: shubhamu@biltrax.com - Type: BX1
2026-05-20 16:43:07,364 - Project: L&T Green Reserve, Noida - Email: gauravimusalebiltrax@gmail.com - Type: BX1
2026-05-20 16:45:47,309 - Project: Goa Marriott Manohar International Airport Hotel, Mopa - Email: harsh@biltrax.com - Type: BX1
2026-05-20 17:03:29,236 - Project: Hyatt House Bengaluru, Devanahalli - Email: janhavim@biltrax.com - Type: BX1
2026-05-20 17:07:12,312 - Project: NHAI Udaipur to Shamlaji Section of NH 48 - Email: komalsasbiltrax@gmail.com - Type: BX1
2026-05-20 17:15:23,258 - Project: Srias IWA, Puppalaguda - Email: shrikants@biltrax.com - Type: BX1
2026-05-20 17:23:53,251 - Project: PRIVIA NAIMISH, Pune - Email: harsh@biltrax.com - Type: BX1
2026-05-20 17:41:20,975 - Project: Unknown Project - Email: harsh@biltrax.com - Type: BX2
2026-05-20 17:41:28,151 - Project: Unknown Project - Email: harsh@biltrax.com - Type: BX2
2026-05-20 18:00:19,946 - Project: Krisumi Waterfall Suites, Gurgaon - Email: suchitra@biltrax.com - Type: BX1
2026-05-21 09:48:35,340 - Project: MFAR The Hub, Bangalore - Email: vikrantc@biltrax.com - Type: BX1
2026-05-21 09:51:15,813 - Project: Sri Fortune Suraj Bhan Grande, Kokapet - Email: komalsasbiltrax@gmail.com - Type: BX1
2026-05-21 09:55:18,475 - Project: Dream Works Codename Velvet, Balewadi - Email: rushabhg@biltrax.com - Type: BX1
2026-05-21 10:21:11,381 - Project: Unknown Project - Email: shubhamkoltekarbiltrax@gmail.com - Type: BX1
2026-05-21 10:27:35,188 - Project: ITC Mementos, Siliguri - Email: harsh@biltrax.com - Type: BX1
2026-05-21 11:06:36,755 - Project: NHAI Four Laning of Badnawar to Timarwani Section of NH 752D - Email: komalsasbiltrax@gmail.com - Type: BX1
2026-05-21 11:10:31,927 - Project: CKS Hospital, Jaipur - Email: shubhamkoltekarbiltrax@gmail.com - Type: BX1
2026-05-21 11:12:26,123 - Project: KITCO Government Arts and Science College, Peringome - Email: ajitd@biltrax.com - Type: BX1
2026-05-21 11:13:35,302 - Project: Novotel Hotel, Amaravati - Email: janhavim@biltrax.com - Type: BX1
2026-05-21 11:22:01,169 - Project: Pacifica Hyatt Regency, Pilerne - Email: janhavim@biltrax.com - Type: BX1
2026-05-21 11:48:28,934 - Project: ITC Mementos, Siliguri - Email: janhavim@biltrax.com - Type: BX1
2026-05-21 11:55:22,799 - Project: Salarpuria Sattva Verve, Kharadi - Email: ajitd@biltrax.com - Type: BX1
2026-05-21 12:05:07,359 - Project: Krisumi City, Gurgaon - Email: harsh@biltrax.com - Type: BX1
2026-05-21 12:27:12,386 - Project: PWD Grievance Cell Building, Bhubaneswar - Email: harsh@biltrax.com - Type: BX1
2026-05-21 12:31:59,677 - Project: Ginger Calicut City Center, Kozhikode - Email: janhavim@biltrax.com - Type: BX1
2026-05-21 12:44:56,236 - Project: Unknown Project - Email: harsh@biltrax.com - Type: BX1
2026-05-21 12:53:02,010 - Project: DAH Greentech NXONE ARK, Noida - Email: harsh@biltrax.com - Type: BX1
2026-05-21 14:31:22,601 - Project: Indore - Budni New BG Line (Package 1C), Pipaliya Nankar - Budni - Email: vikrantc@biltrax.com - Type: BX1
2026-05-21 14:32:08,981 - Project: Holiday Inn Express, Surat - Email: janhavim@biltrax.com - Type: BX1
2026-05-21 15:05:20,841 - Project: Akshayam Acrolawns, Rajkot - Email: shubhamu@biltrax.com - Type: BX1
2026-05-21 15:27:00,831 - Project: India Eye Hospital, Greater Noida - Email: shubhamkoltekarbiltrax@gmail.com - Type: BX1
2026-05-21 15:31:55,573 - Project: AdaniConnex Data Center, Navi Mumbai - Email: snehakatkarbiltrax@gmail.com - Type: BX1
2026-05-21 15:37:22,123 - Project: TCS ITSEZ Campus, Noida - Email: harsh@biltrax.com - Type: BX1
2026-05-21 15:37:27,052 - Project: TCS ITSEZ Campus, Noida - Email: harsh@biltrax.com - Type: BX1
2026-05-21 16:21:18,600 - Project: Group 108 One FNG, Noida - Email: harsh@biltrax.com - Type: BX1
2026-05-21 16:28:13,085 - Project: Group 108 One FNG, Noida - Email: harsh@biltrax.com - Type: BX1
2026-05-21 17:18:14,985 - Project: MGM Hospital, Chennai - Email: harsh@biltrax.com - Type: BX1
2026-05-21 17:23:26,612 - Project: MGM Hospital, Chennai - Email: harsh@biltrax.com - Type: BX1
2026-05-21 17:23:33,405 - Project: MGM Hospital, Chennai - Email: harsh@biltrax.com - Type: BX1
2026-05-21 17:34:18,345 - Project: MCGM Transportation & Commercial Hub, Dahisar - Email: yashybiltrax@gmail.com - Type: BX1
2026-05-21 17:36:54,828 - Project: UPPCL College Building, Jarcha - Email: yashybiltrax@gmail.com - Type: BX1
2026-05-21 17:56:28,966 - Project: ATS Kabana High, Noida - Email: harsh@biltrax.com - Type: BX1
2026-05-21 17:56:34,297 - Project: ATS Kabana High, Noida - Email: harsh@biltrax.com - Type: BX1
2026-05-22 09:42:49,594 - Project: UPPCL Academic Block, Azamgarh - Email: yashybiltrax@gmail.com - Type: BX1
2026-05-22 09:44:35,699 - Project: HFWD NHM District Hospital, Malpura - Email: yashybiltrax@gmail.com - Type: BX1
2026-05-22 09:45:51,780 - Project: IRCON MSME Technology Centre, Gaya - Email: yashybiltrax@gmail.com - Type: BX1
2026-05-22 10:12:49,240 - Project: Ashapura The Legend, Mulund - Email: komalsasbiltrax@gmail.com - Type: BX1
2026-05-22 10:12:52,482 - Project: Shivalik Curv - Email: shubhamkoltekarbiltrax@gmail.com - Type: BX1
2026-05-22 10:15:04,204 - Project: Eldeco Vivana Zest, Ludhiana - Email: rushabhg@biltrax.com - Type: BX1
2026-05-22 10:23:26,198 - Project: Ranka The Hudson, Bangalore - Email: rushabhg@biltrax.com - Type: BX1
2026-05-22 11:34:00,006 - Project: Salarpuria Sattva Commercial, Panathur - Email: ajitd@biltrax.com - Type: BX1
2026-05-22 11:46:49,671 - Project: Max Antara, Noida - Email: ajitd@biltrax.com - Type: BX1
2026-05-22 12:03:52,229 - Project: SCC Blossom, Ghaziabad - Email: omkarkhatu@biltrax.com - Type: BX1
2026-05-22 12:08:05,599 - Project: Hyatt House Bengaluru Devanahalli - Email: omkarkhatu@biltrax.com - Type: BX1
2026-05-22 12:15:55,622 - Project: Myscape Yoo Residences, Puppalguda - Email: omkarkhatu@biltrax.com - Type: BX1
2026-05-22 12:25:09,071 - Project: Sunrise Corporate Park - Email: omkarkhatu@biltrax.com - Type: BX1
2026-05-22 12:30:52,188 - Project: Nilansh Roselia Grand, Kanpur - Email: omkarkhatu@biltrax.com - Type: BX1
2026-05-22 12:50:24,064 - Project: Godrej Tropical Isle, Noida - Email: omkarkhatu@biltrax.com - Type: BX1
2026-05-22 12:57:51,824 - Project: MLA KS KKG Crossroad Mall, Matigara - Email: omkarkhatu@biltrax.com - Type: BX1
2026-05-22 12:59:13,352 - Project: MLA KS KKG Crossroad Mall, Matigara - Email: omkarkhatu@biltrax.com - Type: BX1
2026-05-22 13:51:55,682 - Project: PP The Platino, Solapur - Email: omkarkhatu@biltrax.com - Type: BX1
2026-05-22 13:55:09,396 - Project: DSR Tech Park, Hyderabad - Email: omkarkhatu@biltrax.com - Type: BX1
2026-05-22 15:02:21,085 - Project: Lumina Panchshil Data Centre, Mahape - Email: snehakatkarbiltrax@gmail.com - Type: BX1
2026-05-22 15:06:50,347 - Project: Lumina Panchshil Data Centre, Mahape - Email: snehakatkarbiltrax@gmail.com - Type: BX1
2026-05-22 15:39:25,302 - Project: Fortis Hospital Expansion, Shalimar Bagh - Email: shrikants@biltrax.com - Type: BX1
2026-05-22 16:26:02,284 - Project: Yashoda Hospital, Hyderabad - Email: shubhamkoltekarbiltrax@gmail.com - Type: BX1
2026-05-22 16:38:25,497 - Project: Max Hospital, Thane - Email: shrikants@biltrax.com - Type: BX1
2026-05-22 16:59:03,847 - Project: NHAI Six Laning of Elevated Viaduct on NH 27 - Email: komalsasbiltrax@gmail.com - Type: BX1
2026-05-22 17:29:38,429 - Project: Holiday Inn Express, Ayodhya - Email: harsh@biltrax.com - Type: BX1
2026-05-22 17:30:47,093 - Project: Biigtech - Email: shubhamkoltekarbiltrax@gmail.com - Type: BX1
2026-05-22 17:32:45,789 - Project: Uninav Residena - Email: rushabhg@biltrax.com - Type: BX1
2026-05-22 17:48:18,201 - Project: Radisson Collection Hotel Navi Mumbai International Airport, Panvel - Email: shubhamkoltekarbiltrax@gmail.com - Type: BX1
2026-05-25 09:31:42,588 - Project: Livience Unione, Pune - Email: komalsasbiltrax@gmail.com - Type: BX1
2026-05-25 09:43:09,178 - Project: Max Hospital, Lucknow - Email: nidhi@biltrax.com - Type: BX1
2026-05-25 09:52:04,848 - Project: Planet Hollywood, Lucknow - Email: nidhi@biltrax.com - Type: BX1
2026-05-25 09:55:19,501 - Project: Ekana 5 Star Hotel, Lucknow - Email: nidhi@biltrax.com - Type: BX1
2026-05-25 09:59:27,291 - Project: Unknown Project - Email: yashybiltrax@gmail.com - Type: BX1
2026-05-25 10:01:07,723 - Project: BRCIL Boys Hostel, Nanded - Email: yashybiltrax@gmail.com - Type: BX1
2026-05-25 10:08:36,594 - Project: Capgemini Commercial Project, Siruseri - Email: vikrantc@biltrax.com - Type: BX1
2026-05-25 10:08:52,969 - Project: Max Estate 105, Noida - Email: rushabhg@biltrax.com - Type: BX1
2026-05-25 10:32:27,360 - Project: Yash Atelier, Jaipur - Email: yashybiltrax@gmail.com - Type: BX1
2026-05-25 10:34:54,822 - Project: Vida JVLR60, Jogeshwari - Email: yashybiltrax@gmail.com - Type: BX1
2026-05-25 10:39:39,298 - Project: Aura 79, Gurgaon - Email: yashybiltrax@gmail.com - Type: BX1
2026-05-25 10:42:31,295 - Project: MM Amulyam Orbis - Email: yashybiltrax@gmail.com - Type: BX1
2026-05-25 10:44:06,653 - Project: Main Cadenza Residences - Email: yashybiltrax@gmail.com - Type: BX1
2026-05-25 11:10:51,120 - Project: NCR Auriel Towne, Greater Noida - Email: harsh@biltrax.com - Type: BX1
2026-05-25 11:31:07,039 - Project: Hiranandani Residential Redevelopment Project, Borivali - Email: suchitra@biltrax.com - Type: BX1
2026-05-25 12:12:20,467 - Project: NHAI Pimpri Sado to Vadape Section of NH 848 - Email: komalsasbiltrax@gmail.com - Type: BX1
2026-05-25 12:58:33,738 - Project: Vera Gold Mark Phase 2, Mohali - Email: yashybiltrax@gmail.com - Type: BX1
2026-05-25 13:00:20,108 - Project: Signature Global RMZ Mixed Use Project, Gurgaon - Email: harsh@biltrax.com - Type: BX1
2026-05-25 14:04:12,936 - Project: Taj Bandstand, Bandra - Email: suchitra@biltrax.com - Type: BX1
2026-05-25 14:12:18,355 - Project: Emerald Horizon Tower, Bicholi - Email: yashybiltrax@gmail.com - Type: BX1
2026-05-25 14:20:46,428 - Project: Micro Cybercity, Indore - Email: yashybiltrax@gmail.com - Type: BX1
2026-05-25 14:35:40,039 - Project: Godrej Altus, Vastrapur - Email: pratiksha@biltrax.com - Type: BX1
2026-05-25 14:44:53,300 - Project: Kundan Arvaana, Balewadi - Email: pratiksha@biltrax.com - Type: BX1
2026-05-25 15:03:04,533 - Project: PWD MPSC Administrative Building, CBD Belapur - Email: omkarkhatu@biltrax.com - Type: BX1
2026-05-25 15:18:33,585 - Project: PWD Mini Secretariat, Silchar - Email: omkarkhatu@biltrax.com - Type: BX1
2026-05-25 15:35:19,362 - Project: IHCL Ginger Hotel, Varanasi - Email: omkarkhatu@biltrax.com - Type: BX1
2026-05-25 15:35:27,747 - Project: Shivalik Wave, Gandhinagar - Email: shubhamkoltekarbiltrax@gmail.com - Type: BX1
2026-05-25 15:37:44,701 - Project: Vaishnavi Commercial, Vijayawada - Email: omkarkhatu@biltrax.com - Type: BX1
2026-05-25 15:42:56,430 - Project: Pavitra Luxury Residences - Email: yashybiltrax@gmail.com - Type: BX1
2026-05-25 15:43:10,566 - Project: Marriott Kosi Kalan Resort & Spa, Mathura - Email: omkarkhatu@biltrax.com - Type: BX1
2026-05-25 15:48:42,134 - Project: Vera Gold Mark Phase 2, Mohali - Email: yashybiltrax@gmail.com - Type: BX1
2026-05-25 15:57:00,136 - Project: Provenance Office - Email: saurabhkamble@biltrax.com - Type: BX1
2026-05-25 16:05:13,427 - Project: Provenance Vantage - Email: saurabhkamble@biltrax.com - Type: BX1
2026-05-25 16:09:35,137 - Project: PWD Mini Secretariat, Silchar - Email: suchitra@biltrax.com - Type: BX1
2026-05-25 16:11:53,707 - Project: Abhinandana Vrinda Luxury Villas, Kollur - Email: omkarkhatu@biltrax.com - Type: BX1
2026-05-25 17:09:23,375 - Project: PJTSAU Agricultural College Building, Dichpally - Email: kunalbiltrax03@gmail.com - Type: BX1
2026-05-25 17:27:05,050 - Project: PJTSAU Agricultural College Building, Dichpally - Email: kunalbiltrax03@gmail.com - Type: BX1
2026-05-25 17:35:44,862 - Project: MES Married & Single Accommodation, Chabua - Email: suchitra@biltrax.com - Type: BX1
2026-05-25 17:52:48,396 - Project: Poulomi Florique, Bangalore - Email: akshaysultane@biltrax.com - Type: BX1
2026-05-26 09:20:30,620 - Project: Vajram Orion - Email: rushabhg@biltrax.com - Type: BX1
2026-05-26 09:20:49,395 - Project: Vajram Orion - Email: rushabhg@biltrax.com - Type: BX1
2026-05-26 09:33:30,412 - Project: PWD Critical Care Hospital Block, Karimganj - Email: yashybiltrax@gmail.com - Type: BX1
2026-05-26 09:37:15,000 - Project: CPWD NISE Residential Quarters, Gurugram - Email: yashybiltrax@gmail.com - Type: BX1
2026-05-26 09:57:07,617 - Project: Shivalik Curv, Gandhinagar - Email: ajitd@biltrax.com - Type: BX1
2026-05-26 11:03:19,755 - Project: Mythri Residential, Chikkanayakanahalli - Email: suchitra@biltrax.com - Type: BX1
2026-05-26 12:01:54,442 - Project: Radisson Hotel, Raipur - Email: shubhamkoltekarbiltrax@gmail.com - Type: BX1
2026-05-26 12:03:10,882 - Project: Radisson Hotel, Raipur - Email: shubhamkoltekarbiltrax@gmail.com - Type: BX1
2026-05-26 12:07:11,889 - Project: Radisson Hotel, Raipur - Email: shubhamkoltekarbiltrax@gmail.com - Type: BX1
2026-05-26 12:57:10,643 - Project: Triveni 84, Ahmedabad - Email: shrikants@biltrax.com - Type: BX1
2026-05-26 12:59:45,038 - Project: Triveni 84, Ahmedabad - Email: shrikants@biltrax.com - Type: BX1
2026-05-26 13:03:50,119 - Project: Triveni 84, Ahmedabad - Email: yashybiltrax@gmail.com - Type: BX1
2026-05-26 13:59:38,242 - Project: LTI Mindtree, Pune - Email: harsh@biltrax.com - Type: BX1
2026-05-26 14:01:13,239 - Project: LTI Mindtree, Pune - Email: harsh@biltrax.com - Type: BX1
2026-05-26 14:59:59,718 - Project: Kolte Patil Lake View24, Bangalore - Email: vikrantc@biltrax.com - Type: BX1
2026-05-26 15:04:09,121 - Project: Kolte Patil Lake View24, Bangalore - Email: vikrantc@biltrax.com - Type: BX1
2026-05-26 15:12:41,242 - Project: Kolte Patil 24K Grazio, Bangalore - Email: vikrantc@biltrax.com - Type: BX1
2026-05-26 16:48:07,496 - Project: PWD New Central Administrative Building, Ratnagiri - Email: nidhi@biltrax.com - Type: BX1
2026-05-26 17:08:18,813 - Project: Dmart Damani Multi Super Speciality Hospital, Borivali - Email: vikrantc@biltrax.com - Type: BX1
2026-05-26 17:30:36,381 - Project: ECR Major Upgradation of Railway Station, Darbhanga - Email: vikrantc@biltrax.com - Type: BX1
2026-05-26 18:01:18,650 - Project: NBCC Redevelopment of GPRA Colony (Package VC), Sarojini Nagar - Email: megha@biltrax.com - Type: BX1
2026-05-27 10:01:12,312 - Project: Dosti Greenscapes, Hadapsar - Email: komalsasbiltrax@gmail.com - Type: BX1
2026-05-27 10:01:55,424 - Project: Dosti Greenscapes, Hadapsar - Email: komalsasbiltrax@gmail.com - Type: BX1
2026-05-27 10:54:36,676 - Project: Salarpuria Sattva Texonic, Bangalore - Email: shubhamkoltekarbiltrax@gmail.com - Type: BX1
2026-05-27 10:55:12,514 - Project: Salarpuria Sattva Texonic, Bangalore - Email: shubhamkoltekarbiltrax@gmail.com - Type: BX1
2026-05-27 11:13:31,867 - Project: L & W Singapore Mixed Use Development, Siruseri - Email: rushabhg@biltrax.com - Type: BX1
2026-05-27 11:36:51,959 - Project: Prestige JRC Signature Towers, Bangalore - Email: shubhamkoltekarbiltrax@gmail.com - Type: BX1
2026-05-27 11:40:13,082 - Project: Prestige JRC Signature Towers, Bangalore - Email: shubhamkoltekarbiltrax@gmail.com - Type: BX1
2026-05-27 13:59:50,371 - Project: Akalpya - Email: shrikants@biltrax.com - Type: BX1
2026-05-27 15:28:40,621 - Project: Unknown Project - Email: sankalpbiltrax@gmail.com - Type: BX2
2026-05-27 15:42:08,513 - Project: Phoenix Mixed Use Development, Majiwada - Email: snehakatkarbiltrax@gmail.com - Type: BX1
2026-05-27 15:43:19,916 - Project: Phoenix Mixed Use Development, Majiwada - Email: snehakatkarbiltrax@gmail.com - Type: BX1
2026-05-27 16:06:02,060 - Project: Unknown Project - Email: komalsasbiltrax@gmail.com - Type: BX2
2026-05-27 16:06:52,528 - Project: CPWD CISF Residential and Non Residential Infrastructure Phase I, Odha - Email: rushabhg@biltrax.com - Type: BX1
2026-05-27 16:06:55,646 - Project: NHAI Two Six Lane Interchanges on Ranchi Bypass Section of NH-33 - Email: komalsasbiltrax@gmail.com - Type: BX1
2026-05-27 16:30:03,174 - Project: NBCC Amrapali Centurian Park (Phase III), Greater Noida - Email: rushabhg@biltrax.com - Type: BX1
2026-05-27 17:04:50,825 - Project: The Omaxe State, Dwarka - Email: omkarkhatu@biltrax.com - Type: BX1
2026-05-27 17:14:20,072 - Project: Saskan Five Star Hotel, Bangalore - Email: omkarkhatu@biltrax.com - Type: BX1
2026-05-27 17:37:00,006 - Project: PWD Institution of Wildlife Health and Research, Dhinjan - Email: yashybiltrax@gmail.com - Type: BX1
2026-05-27 17:39:32,981 - Project: CPWD RBI Staff Quarters, Guwahati - Email: suchitra@biltrax.com - Type: BX1
2026-05-27 17:40:16,547 - Project: CPWD SIDBI Office Building, Lucknow - Email: yashybiltrax@gmail.com - Type: BX1
2026-05-27 17:42:47,262 - Project: TSEWIDC YIIRS Complex (Package 5), Banswada - Email: vikrantc@biltrax.com - Type: BX1
2026-05-27 17:51:49,552 - Project: Ranka The Hudson, Bangalore - Email: akshaysultane@biltrax.com - Type: BX1
2026-05-27 18:02:35,510 - Project: RITES IIT Campus Expansion of Package 2 (Phase III), Bhubaneswar - Email: suchitra@biltrax.com - Type: BX1
2026-05-27 18:11:42,774 - Project: NBCC NIT Patna Incubation Centre Building, Bihta - Email: shrikants@biltrax.com - Type: BX1
2026-05-28 09:27:54,657 - Project: Adore Broadway Residences, Faridabad - Email: komalsasbiltrax@gmail.com - Type: BX1
2026-05-28 09:35:29,363 - Project: NBCC Redevelopment of GPRA Colony (Package VC), Sarojini Nagar - Email: yashybiltrax@gmail.com - Type: BX1
2026-05-28 10:35:39,379 - Project: Hilite IT Park, Kozhikode - Email: janhavim@biltrax.com - Type: BX1
2026-05-28 10:42:16,800 - Project: New Kenilworth Hotel, Vilankurichi - Email: janhavim@biltrax.com - Type: BX1
2026-05-28 10:50:54,132 - Project: Kalyani 5 Star Hotel, Bangalore - Email: janhavim@biltrax.com - Type: BX1
2026-05-28 10:52:11,534 - Project: Kalyani 5 Star Hotel, Bangalore - Email: janhavim@biltrax.com - Type: BX1
2026-05-28 11:01:47,321 - Project: Taj Resort, Sindhudurg - Email: janhavim@biltrax.com - Type: BX1
2026-05-28 11:10:47,778 - Project: Romell Myra, Andheri - Email: janhavim@biltrax.com - Type: BX1
2026-05-28 11:14:39,337 - Project: JW Marriott Resort & Spa, Surat - Email: janhavim@biltrax.com - Type: BX1
2026-05-28 11:20:14,699 - Project: Hilton Shree Venkateshwara Hotel, Puppalguda - Email: janhavim@biltrax.com - Type: BX1
2026-05-28 11:43:21,998 - Project: HoABL Leela The Sarayu Hotel, Ayodhya - Email: janhavim@biltrax.com - Type: BX1
2026-05-28 12:29:51,548 - Project: Haware Grande, Pen - Email: harsh@biltrax.com - Type: BX1
2026-05-28 12:31:21,921 - Project: KSCADC Residential Buildings, Kadakampally - Email: ajitd@biltrax.com - Type: BX1
2026-05-28 12:38:40,771 - Project: Della Racecourse, Pune - Email: harsh@biltrax.com - Type: BX1
2026-05-28 12:57:33,308 - Project: Reliance 5 Star Hotel, Kevadiya - Email: harsh@biltrax.com - Type: BX1
2026-05-28 13:53:40,949 - Project: Lumina Hyperscale Data Centre, Ambattur - Email: harsh@biltrax.com - Type: BX1
2026-05-28 14:05:41,442 - Project: Emperia Icon, Nerul - Email: harsh@biltrax.com - Type: BX1
2026-05-28 14:17:05,821 - Project: Atmos JR Eastfields, Bangalore - Email: harsh@biltrax.com - Type: BX1
2026-05-28 14:28:04,269 - Project: NBCC Dream Valley Phase III, Greater Noida - Email: megha@biltrax.com - Type: BX1
2026-05-28 14:42:14,199 - Project: Himalaya Medical College & Hospital, Chiski - Email: shubhamu@biltrax.com - Type: BX1
2026-05-28 14:45:45,486 - Project: Migsun Delta Street, Noida - Email: dhanshreebiltrax@gmail.com - Type: BX1
2026-05-28 14:47:11,954 - Project: Koylanchal Devkamal Healthcare, Jharkhand - Email: shubhamu@biltrax.com - Type: BX1
2026-05-28 14:53:00,319 - Project: Lakeshore Mall, Uppal - Email: harsh@biltrax.com - Type: BX1
2026-05-28 15:44:15,583 - Project: STT Global Data Centre 2 and 3 - Email: shubhamkoltekarbiltrax@gmail.com - Type: BX1
2026-05-28 15:58:47,061 - Project: AAI New Civil Enclave, Darbhanga - Email: vikrantc@biltrax.com - Type: BX1
2026-05-28 15:58:50,753 - Project: Princeton Data Center, Airoli - Email: snehakatkarbiltrax@gmail.com - Type: BX1
2026-05-28 15:59:14,328 - Project: Princeton Data Center, Airoli - Email: snehakatkarbiltrax@gmail.com - Type: BX1
2026-05-28 16:23:10,848 - Project: Marriott Hotel, Patna - Email: shubhamkoltekarbiltrax@gmail.com - Type: BX1
2026-05-28 16:44:19,530 - Project: Lulu Mall, Ahmedabad - Email: pratiksha@biltrax.com - Type: BX1
2026-05-28 16:46:58,794 - Project: TMC Medical College and Hostel, Balkum - Email: omkarkhatu@biltrax.com - Type: BX1
2026-05-28 17:09:57,241 - Project: IGL Training Centre, Greater Noida - Email: omkarkhatu@biltrax.com - Type: BX1
2026-05-28 17:11:27,433 - Project: Engineer EH Sky Towers, Pune - Email: pratiksha@biltrax.com - Type: BX1
2026-05-28 17:14:15,357 - Project: Paranjape Everglades Phase 2, Bhugaon - Email: pratiksha@biltrax.com - Type: BX1
2026-05-28 17:22:50,834 - Project: IHG Holiday Inn Express Hotel, Dahej - Email: omkarkhatu@biltrax.com - Type: BX1
2026-05-28 17:26:56,948 - Project: Victoria Harmony - Email: saurabhkamble@biltrax.com - Type: BX1
2026-05-28 17:38:26,960 - Project: The Hoxton Bengaluru City - Email: omkarkhatu@biltrax.com - Type: BX1
2026-05-28 17:39:01,770 - Project: Definer Dolce Vita, Bangalore - Email: akshaysultane@biltrax.com - Type: BX1
2026-05-28 17:42:39,730 - Project: Sobha Metropolis - Email: omkarkhatu@biltrax.com - Type: BX1
2026-05-28 17:45:37,473 - Project: MFAR Silicon Forest, Bangalore - Email: akshaysultane@biltrax.com - Type: BX1
2026-05-28 18:36:46,331 - Project: Redevelopment of Railway Station, Kathgodam - Email: shrikants@biltrax.com - Type: BX1
2026-05-29 09:19:04,483 - Project: Marriott Hotel, Sriperumbudur - Email: vikrantc@biltrax.com - Type: BX1
2026-05-29 09:40:22,876 - Project: Sumadhura Solea, Bangalore - Email: komalsasbiltrax@gmail.com - Type: BX1
2026-05-29 10:11:52,508 - Project: RMC Jubilee Vegetable and Fruit Market, Rajkot - Email: yashybiltrax@gmail.com - Type: BX1
2026-05-29 10:44:45,056 - Project: NHAI Blackspot Rectification at Various Locations NH 509 - Email: komalsasbiltrax@gmail.com - Type: BX1
2026-05-29 12:12:30,815 - Project: CPWD RBI Staff Quarters, Char Imli - Email: rushabhg@biltrax.com - Type: BX1
2026-05-29 12:42:39,389 - Project: IAF Purnia Airport Civil Enclave, Purnia - Email: vikrantc@biltrax.com - Type: BX1
2026-05-29 12:51:19,593 - Project: PWD Integrated Deputy Commissioner Office, Silchar - Email: suchitra@biltrax.com - Type: BX1
2026-05-29 14:09:38,964 - Project: Rainbow Children Hospital, Indore - Email: harsh@biltrax.com - Type: BX1
2026-05-29 14:55:00,769 - Project: Evara Towers, Ahmedabad - Email: pratiksha@biltrax.com - Type: BX1
2026-05-29 16:08:33,944 - Project: TMC Multispecialty Hospital & BMT Centre, Kharghar - Email: harsh@biltrax.com - Type: BX1
2026-05-29 16:17:45,700 - Project: Ahuja Valiant Codename Live Sharp, Bangalore - Email: komalsasbiltrax@gmail.com - Type: BX1
2026-05-29 16:38:11,279 - Project: PWD Staff Residential Building, Khanapara - Email: suchitra@biltrax.com - Type: BX1
2026-05-29 17:16:04,367 - Project: Suyug The 1, Bangalore - Email: pooja16@gmail.com - Type: BX1
2026-05-29 17:30:16,625 - Project: Marriott Hotel, Mysore - Email: harsh@biltrax.com - Type: BX1
2026-05-29 17:31:26,904 - Project: Marriott Hotel, Mysore - Email: harsh@biltrax.com - Type: BX1
2026-05-29 17:32:12,256 - Project: TMC Multispecialty Hospital & BMT Centre, Kharghar - Email: suchitra@biltrax.com - Type: BX1
2026-05-29 17:41:23,936 - Project: RV Vibhuman, Hyderabad - Email: omkarkhatu@biltrax.com - Type: BX1
2026-05-29 17:46:25,159 - Project: Sirohi Commercial Development, Noida - Email: omkarkhatu@biltrax.com - Type: BX1
2026-05-29 17:48:57,099 - Project: Himalaya Medical College & Hospital, Chiski - Email: omkarkhatu@biltrax.com - Type: BX1
2026-05-29 17:57:29,551 - Project: Avighna Complex - Email: omkarkhatu@biltrax.com - Type: BX1
2026-05-30 09:51:05,369 - Project: Bhagwat Oxyview, Ahmedabad - Email: komalsasbiltrax@gmail.com - Type: BX1
2026-05-30 09:55:18,930 - Project: CISF Office Building, New Delhi - Email: yashybiltrax@gmail.com - Type: BX1
2026-05-30 09:57:41,971 - Project: NBCC Amrapali Centurian Park (Phase III), Greater Noida - Email: yashybiltrax@gmail.com - Type: BX1
2026-05-30 10:58:08,203 - Project: MORTH Four Laning of Gurugram to Alwar Road Section NH 248A - Email: komalsasbiltrax@gmail.com - Type: BX1
2026-05-30 10:58:54,481 - Project: MFAR Red Sanders, Bangalore - Email: suchitra@biltrax.com - Type: BX1
2026-05-30 12:24:46,920 - Project: NBR Soul of the Seasons, Bangalore - Email: suchitra@biltrax.com - Type: BX1
2026-05-30 12:32:55,150 - Project: BSCPL Krishnaiah Projects, Kogilu - Email: suchitra@biltrax.com - Type: BX1
2026-05-30 15:25:18,263 - Project: STT Data Centre, Ambernath - Email: harsh@biltrax.com - Type: BX1
2026-05-30 15:37:34,062 - Project: Virtuous City Center, Thane - Email: harsh@biltrax.com - Type: BX1
2026-05-30 15:55:25,657 - Project: PWD Court Building, Bhoiwada - Email: shashig@biltrax.com - Type: BX1
2026-05-30 16:02:39,620 - Project: InterContinental Resort Jaipur Achrol, Jaipur - Email: harsh@biltrax.com - Type: BX1
2026-05-30 16:05:47,233 - Project: Love Home Pushkar Resort, Nagaur - Email: harsh@biltrax.com - Type: BX1
2026-05-30 16:05:50,896 - Project: Love Home Pushkar Resort, Nagaur - Email: harsh@biltrax.com - Type: BX1
2026-05-30 16:09:36,786 - Project: Marathon Neopark, Bhandup - Email: vaibhavis@biltrax.com - Type: BX1
2026-05-30 16:14:53,512 - Project: Emaar Casa Venero, Alibag - Email: snehakatkarbiltrax@gmail.com - Type: BX1
2026-05-30 16:17:30,294 - Project: Provenance Vantage, Worli - Email: harsh@biltrax.com - Type: BX1
2026-05-30 16:19:03,976 - Project: Prestige JW Marriott Plantation Villa, Hassan - Email: vikrantc@biltrax.com - Type: BX1
2026-05-30 16:19:47,034 - Project: MFAR Red Sanders, Bangalore - Email: harsh@biltrax.com - Type: BX1
2026-05-30 16:20:24,357 - Project: Shree KB Central, Greater Noida - Email: nidhi14.biltrax@gmail.com - Type: BX1
2026-05-30 16:24:16,909 - Project: IHCL Taj Hotel, Suheli - Email: harsh@biltrax.com - Type: BX1
2026-05-30 16:26:07,517 - Project: IHCL Taj Hotel, Kadmat - Email: harsh@biltrax.com - Type: BX1
2026-05-30 16:41:51,172 - Project: Emaar Casa Venero, Alibag - Email: megha@biltrax.com - Type: BX1
2026-05-30 17:01:53,700 - Project: HSVP Convention Centre, Faridabad - Email: shashig@biltrax.com - Type: BX1
2026-05-30 17:51:47,951 - Project: Maia The Seven, Basavanagudi - Email: akshaysultane@biltrax.com - Type: BX1
2026-06-01 10:30:09,055 - Project: PWD Multipurpose Sports Hall, Rewari - Email: pravin@biltrax.com - Type: BX1
2026-06-01 10:48:12,829 - Project: PWD Institution of Wildlife Health and Research, Dhinjan - Email: yashybiltrax@gmail.com - Type: BX1
2026-06-01 10:52:38,311 - Project: NBCC Amrapali Silicon City Phase 4, Noida - Email: yashybiltrax@gmail.com - Type: BX1
2026-06-01 10:55:57,522 - Project: Adani The Marq, Gurgaon - Email: yashybiltrax@gmail.com - Type: BX1
2026-06-01 10:59:12,746 - Project: Pooja Element, Nashik - Email: yashybiltrax@gmail.com - Type: BX1
2026-06-01 11:01:09,363 - Project: Signature Sarvam, Gurgaon - Email: yashybiltrax@gmail.com - Type: BX1
2026-06-01 11:02:43,116 - Project: Newhomes Aum Sai, Dharwad - Email: yashybiltrax@gmail.com - Type: BX1
2026-06-01 11:04:29,768 - Project: HLP Orchid Premiire, Mohali - Email: yashybiltrax@gmail.com - Type: BX1
2026-06-01 12:20:29,493 - Project: Virat Skyros, Shilphata - Email: rushabhg@biltrax.com - Type: BX1
2026-06-01 12:47:39,474 - Project: Definer Dolce Vita, Bangalore - Email: dhanshreebiltrax@gmail.com - Type: BX1
2026-06-01 14:11:33,514 - Project: Hyatt Place (The Lumos), Ahmedabad - Email: shrikants@biltrax.com - Type: BX1
2026-06-01 14:44:52,795 - Project: Fairfield by Marriott, Nerul - Email: shrikants@biltrax.com - Type: BX1
2026-06-01 16:35:50,195 - Project: EV 23 Malibu West, Kopar Khairane - Email: snehakatkarbiltrax@gmail.com - Type: BX1
2026-06-01 16:53:05,464 - Project: AAI New Domestic Terminal Building, Prayagraj - Email: shrikants@biltrax.com - Type: BX1
2026-06-01 17:11:04,009 - Project: V B Veer Square, Thane - Email: harsh@biltrax.com - Type: BX1
2026-06-01 17:11:08,074 - Project: V B Veer Square, Thane - Email: harsh@biltrax.com - Type: BX1
2026-06-01 17:15:10,985 - Project: Raisoni Tech Tower, Pune - Email: omkarkhatu@biltrax.com - Type: BX1
2026-06-01 17:17:42,510 - Project: Northstar SP Palacio, Abids - Email: omkarkhatu@biltrax.com - Type: BX1
2026-06-01 17:17:46,276 - Project: Birla Navya Avik, Gurgaon - Email: kunalbiltrax03@gmail.com - Type: BX1
2026-06-01 17:22:46,451 - Project: Pacific Shopping Mall, Jaipur - Email: omkarkhatu@biltrax.com - Type: BX1
2026-06-01 17:30:21,865 - Project: TAJ GVK Hotel, Bangalore - Email: omkarkhatu@biltrax.com - Type: BX1
2026-06-01 17:34:38,980 - Project: Akshayam Acrolawns, Rajkot - Email: omkarkhatu@biltrax.com - Type: BX1
2026-06-01 17:59:52,084 - Project: Pravish Brillia, Chharodi - Email: harsh@biltrax.com - Type: BX1
2026-06-02 09:42:44,517 - Project: NBCC Amrapali Leisure Valley Phase II (Package-III), Greater Noida - Email: yashybiltrax@gmail.com - Type: BX1
2026-06-02 09:47:12,786 - Project: Web Werks Data Center, Ambattur - Email: radhika@biltrax.com - Type: BX1
2026-06-02 09:48:38,009 - Project: Web Werks Data Center, Ambattur - Email: radhika@biltrax.com - Type: BX1
2026-06-02 09:57:51,796 - Project: Web Werks Data Centre, Rabale - Email: radhika@biltrax.com - Type: BX1
2026-06-02 10:06:52,218 - Project: Starwing Tribeca I Stay & Trilive, Marol - Email: komalsasbiltrax@gmail.com - Type: BX1
2026-06-02 10:14:26,722 - Project: Indeco Business Center (SB73), Pune - Email: shrikants@biltrax.com - Type: BX1
2026-06-02 10:22:50,669 - Project: Radisson Hotel, Visakhapatnam - Email: pratiksha@biltrax.com - Type: BX1
2026-06-02 10:30:45,507 - Project: Sri Reviva, Bangalore - Email: akshaysultane@biltrax.com - Type: BX1
2026-06-02 10:33:40,516 - Project: Salarpuria Sattva Texonic, Bangalore - Email: akshaysultane@biltrax.com - Type: BX1
2026-06-02 10:49:26,954 - Project: Salarpuria Sattva Texonic, Bangalore - Email: akshaysultane@biltrax.com - Type: BX1
2026-06-02 11:01:47,640 - Project: Raptakos Brett Commercial, Worli - Email: akshaysultane@biltrax.com - Type: BX1
2026-06-02 11:08:31,462 - Project: Elan The Statement, Gurgaon - Email: pratiksha@biltrax.com - Type: BX1
2026-06-02 11:08:45,982 - Project: Elan The Statement, Gurgaon - Email: pratiksha@biltrax.com - Type: BX1
2026-06-02 11:35:46,039 - Project: Paramitra Stalwart Atmosphere, Bhubaneshwar - Email: pratiksha@biltrax.com - Type: BX1
2026-06-02 12:39:43,161 - Project: KLJ Software Noida 126 IT Units, Noida - Email: shrikants@biltrax.com - Type: BX1
2026-06-02 12:56:59,848 - Project: Radisson Collection Resort & Spa, Jaipur - Email: janhavim@biltrax.com - Type: BX1
2026-06-02 14:12:28,016 - Project: BCD High Court Multi Utility Building, Patna - Email: shrikants@biltrax.com - Type: BX1
2026-06-02 14:21:02,267 - Project: UPPWD DPUP Unity Mall, Shilpgram - Email: shrikants@biltrax.com - Type: BX1
2026-06-02 15:21:15,796 - Project: MHADA BDD Chawl Redevelopment, Worli - Email: shrikants@biltrax.com - Type: BX1
2026-06-02 15:40:07,998 - Project: Cocoon Hospital, Guwahati - Email: shubhamkoltekarbiltrax@gmail.com - Type: BX1
2026-06-02 18:07:11,851 - Project: Savla Palasa, Sargasan - Email: shrikants@biltrax.com - Type: BX1
2026-06-02 18:07:31,635 - Project: Savla Palasa, Sargasan - Email: shrikants@biltrax.com - Type: BX1
2026-06-03 09:28:24,395 - Project: NBCC Amrapali Centurian Park (Phase III) - Email: yashybiltrax@gmail.com - Type: BX1
2026-06-03 10:03:42,740 - Project: BP DPS Palladio, Lucknow - Email: dhanshreebiltrax@gmail.com - Type: BX1
2026-06-03 10:07:48,721 - Project: Trident Vasa, Bhubaneswar - Email: rushabhg@biltrax.com - Type: BX1
2026-06-03 12:25:56,686 - Project: Azim Premji University, Ranchi - Email: shubhamkoltekarbiltrax@gmail.com - Type: BX1
2026-06-03 12:33:05,537 - Project: Azim Premji Hospital, Bangalore - Email: shubhamkoltekarbiltrax@gmail.com - Type: BX1
2026-06-03 15:15:40,638 - Project: Sakra World Hospital, Bangalore - Email: shubhamkoltekarbiltrax@gmail.com - Type: BX1
2026-06-03 15:25:32,178 - Project: NBCC Administrative Building, New town - Email: suchitra@biltrax.com - Type: BX1
2026-06-03 15:27:02,517 - Project: GDA World Trade Centre & International Convention Centre, Gorakhpur - Email: omkarkhatu@biltrax.com - Type: BX1
2026-06-03 15:48:05,772 - Project: Paradigm 71 Midtown, Chembur - Email: omkarkhatu@biltrax.com - Type: BX1
2026-06-03 15:57:20,730 - Project: RMZ One Paramount Phase 2, Chennai - Email: shubhamkoltekarbiltrax@gmail.com - Type: BX1
2026-06-03 16:08:35,099 - Project: Artech & JBT Serenity, Thiruvananthapuram - Email: komalsasbiltrax@gmail.com - Type: BX1
2026-06-03 17:21:30,069 - Project: Kundan Tribeca Trump World Center, Mundhwa - Email: snehakatkarbiltrax@gmail.com - Type: BX1
2026-06-03 17:47:46,796 - Project: Unknown Project - Email: sankalpbiltrax@gmail.com - Type: BX2
2026-06-03 17:58:15,668 - Project: Prestige JRC Signature Towers, Bangalore - Email: akshaysultane@biltrax.com - Type: BX1
2026-06-04 09:24:50,555 - Project: NBCC Dream Valley Phase III - Email: yashybiltrax@gmail.com - Type: BX1
2026-06-04 09:27:22,082 - Project: Kings Acropolis, Bangalore - Email: komalsasbiltrax@gmail.com - Type: BX1
2026-06-04 09:29:16,618 - Project: Maia Residential, Vasanthnagar - Email: rushabhg@biltrax.com - Type: BX1
2026-06-04 09:34:37,809 - Project: Lemon Tree Hotel, Kumbakonam - Email: vikrantc@biltrax.com - Type: BX1
2026-06-04 09:44:40,179 - Project: Orange Acacia, Hyderabad - Email: akshaysultane@biltrax.com - Type: BX1
2026-06-04 10:29:40,819 - Project: Madhav Netralaya Eye Institute and Research Center - Email: shubhamkoltekarbiltrax@gmail.com - Type: BX1
2026-06-04 11:54:08,544 - Project: Marriott Hotel, Mysore - Email: janhavim@biltrax.com - Type: BX1
2026-06-04 12:00:58,350 - Project: WGH Hotel, Kochi - Email: janhavim@biltrax.com - Type: BX1
2026-06-04 12:10:03,282 - Project: MORTH Four Laning of Deoria Bypass Section of NH727A - Email: komalsasbiltrax@gmail.com - Type: BX1
2026-06-04 12:22:24,862 - Project: Sugam Diamond Purti Teej Crown at Aquaview, Bidhannagar - Email: shrikants@biltrax.com - Type: BX1
2026-06-04 12:36:34,475 - Project: NHAI Rectification Blackspots at Maharashtra/Karnataka Border - Sangareddy Section of NH 65 - Email: komalsasbiltrax@gmail.com - Type: BX1
2026-06-04 12:36:48,295 - Project: NHAI Rectification Blackspots at Maharashtra/Karnataka Border - Sangareddy Section of NH 65 - Email: komalsasbiltrax@gmail.com - Type: BX1
2026-06-04 13:58:56,484 - Project: Hiranandani Residential, Chembur - Email: komalsasbiltrax@gmail.com - Type: BX1
2026-06-04 14:39:46,915 - Project: ITC Global AI Centre Phase 2, Newtown - Email: shrikants@biltrax.com - Type: BX1
2026-06-04 16:09:11,987 - Project: Vikram Midori Tower, Pune - Email: snehakatkarbiltrax@gmail.com - Type: BX1
2026-06-04 16:57:12,348 - Project: MDM 9 Belvedere, Bandra - Email: aksha@biltrax.com - Type: BX1
2026-06-04 17:14:13,775 - Project: BCD High Court Multi Utility Building, Patna - Email: shrikants@biltrax.com - Type: BX1
2026-06-04 17:18:41,740 - Project: Rohan Residential, Kyalasanahalli - Email: suchitra@biltrax.com - Type: BX1
2026-06-04 17:41:58,896 - Project: Unknown Project - Email: sankalpbiltrax@gmail.com - Type: BX2
2026-06-05 11:17:37,333 - Project: CPWD IIMC Academic & Hostel Block, New Delhi - Email: omkarkhatu@biltrax.com - Type: BX1
2026-06-05 11:20:32,273 - Project: PWD Jail Complex, Narela - Email: omkarkhatu@biltrax.com - Type: BX1
2026-06-05 11:23:18,306 - Project: PWD Family Court, Rohini - Email: omkarkhatu@biltrax.com - Type: BX1
2026-06-05 11:45:04,730 - Project: EIL IIT Various Buildings, Karwar - Email: tushar@biltrax.com - Type: BX1
2026-06-05 11:46:31,786 - Project: HFWD NHM District Hospital, Malpura - Email: tushar@biltrax.com - Type: BX1
2026-06-05 12:49:28,382 - Project: Sukhdham Prabhu Dham, Kolkusuma - Email: snehakatkarbiltrax@gmail.com - Type: BX1
2026-06-05 14:43:46,272 - Project: 9 Yards Central, Ahmedabad - Email: nirbhaybiltrax@gmail.com - Type: BX1
2026-06-05 17:37:05,471 - Project: Radisson Hotel Bengaluru Aerospace Park, Bangalore - Email: akshaysultane@biltrax.com - Type: BX1
2026-06-05 17:47:59,750 - Project: Parth Driftwood, Jaipur - Email: akshaysultane@biltrax.com - Type: BX1
2026-06-06 09:33:38,680 - Project: Gautam Medical College And Hospital, Ranchi - Email: vikrantc@biltrax.com - Type: BX1
2026-06-06 09:58:47,210 - Project: I&B National Centre of Excellence for Animation, Goregaon - Email: nidhi@biltrax.com - Type: BX1
2026-06-06 10:13:23,846 - Project: Maple IRIS, Bangalore - Email: suchitra@biltrax.com - Type: BX1
2026-06-06 10:13:28,446 - Project: Maple IRIS, Bangalore - Email: suchitra@biltrax.com - Type: BX1
2026-06-06 10:19:04,190 - Project: HFWD NHM Critical Care Block, Phalodi - Email: yashybiltrax@gmail.com - Type: BX1
2026-06-06 10:41:59,487 - Project: NHAI Six Laning of Varanasi - Ranchi - Kolkata Highway (Package 2) - Email: vikrantc@biltrax.com - Type: BX1
2026-06-06 11:29:22,244 - Project: Heather West Fort, Pettha - Email: komalsasbiltrax@gmail.com - Type: BX1
2026-06-06 11:33:11,801 - Project: Spenta Anthea, Andheri - Email: komalsasbiltrax@gmail.com - Type: BX1
2026-06-06 12:07:30,208 - Project: Bricks Earthsapce, Gunjur - Email: komalsasbiltrax@gmail.com - Type: BX1
2026-06-06 12:10:05,145 - Project: M3M The Cullinan, Noida - Email: shubhamu@biltrax.com - Type: BX1
2026-06-06 12:17:27,007 - Project: Bricks Solcrest, Rampura - Email: suchitra@biltrax.com - Type: BX1
2026-06-06 12:22:22,771 - Project: AB Select 27, Siliguri - Email: aksha@biltrax.com - Type: BX1
2026-06-06 12:55:52,191 - Project: Suyog Shrushti, Fursungi - Email: suchitra@biltrax.com - Type: BX1
2026-06-06 13:58:50,900 - Project: Adani Suryagram, Ahmedabad - Email: aksha@biltrax.com - Type: BX1
2026-06-06 14:09:30,443 - Project: R&B Osmania General Hospital Complex, Goshamahal - Email: pooja16@gmail.com - Type: BX1
2026-06-06 15:00:05,855 - Project: Lumina Panchshil Data Centre, Mahape - Email: komalsasbiltrax@gmail.com - Type: BX1
2026-06-06 15:00:11,543 - Project: Lumina Panchshil Data Centre, Mahape - Email: komalsasbiltrax@gmail.com - Type: BX1
2026-06-06 15:00:53,662 - Project: Hyatt The Ganga, Gift City - Email: aksha@biltrax.com - Type: BX1
2026-06-06 15:16:13,381 - Project: Elan The Statement, Gurgaon - Email: aksha@biltrax.com - Type: BX1
2026-06-06 15:22:07,058 - Project: Hyatt Hotel, Magdalla - Email: shrikants@biltrax.com - Type: BX1
2026-06-06 15:22:12,141 - Project: Hyatt Hotel, Magdalla - Email: shrikants@biltrax.com - Type: BX1
2026-06-06 15:24:18,398 - Project: Government Medical College & Hospital Campus, Siwan - Email: shubhamu@biltrax.com - Type: BX1
2026-06-06 15:54:56,530 - Project: JSBCCL MGM Medical Hospital, Sakchi - Email: omkarkhatu@biltrax.com - Type: BX1
2026-06-06 16:05:42,940 - Project: Apex Sky Heights, Ghaziabad - Email: aksha@biltrax.com - Type: BX1
2026-06-06 16:05:47,404 - Project: Ceratec Tower 108, Pune - Email: ajitd@biltrax.com - Type: BX1
2026-06-06 16:22:25,780 - Project: Engineers EH Towers, Tathawade - Email: snehakatkarbiltrax@gmail.com - Type: BX1
2026-06-06 16:23:13,105 - Project: Aspect Sattva Residential, Vikhroli - Email: pratiksha@biltrax.com - Type: BX1
2026-06-06 16:26:59,302 - Project: Aspect Sattva Residential, Vikhroli - Email: pratiksha@biltrax.com - Type: BX1
2026-06-06 16:31:11,831 - Project: JSBCCL Medical College, Koderma - Email: omkarkhatu@biltrax.com - Type: BX1
2026-06-06 16:59:42,578 - Project: Menaba Rotary Multi-Speciality Hospital & Medical College, Unjha - Email: shubhamu@biltrax.com - Type: BX1
2026-06-06 17:13:56,539 - Project: Esson Menlo Skyora, Bavdhan - Email: pratiksha@biltrax.com - Type: BX1
2026-06-06 17:18:50,129 - Project: Goel Ganga Legends County, Pune - Email: pratiksha@biltrax.com - Type: BX1
2026-06-06 17:43:10,664 - Project: Rohan Adira, Thane - Email: pravin@biltrax.com - Type: BX1
2026-06-06 17:43:15,712 - Project: Lohia One, Moradabad - Email: ajitd@biltrax.com - Type: BX1
2026-06-06 17:56:07,783 - Project: Rohan Adira, Thane - Email: pratiksha@biltrax.com - Type: BX1
2026-06-06 18:00:31,099 - Project: Ramc IT Park, Kalapatti - Email: vikrantc@biltrax.com - Type: BX1
2026-06-08 10:01:15,592 - Project: MHADA Redevelopment of SVP Nagar, Andheri - Email: harsh@biltrax.com - Type: BX1
2026-06-08 10:10:16,651 - Project: CIDCO Urban Renewal Cluster 01 Redevelopment, Kisan Nagar - Email: harsh@biltrax.com - Type: BX1
2026-06-08 10:16:53,914 - Project: CIDCO Urban Renewal Cluster 02 Redevelopment, Kisan Nagar - Email: harsh@biltrax.com - Type: BX1
2026-06-08 10:29:29,328 - Project: CIDCO Urban Renewal Cluster Redevelopment (01 & 02), Kisan Nagar - Email: harsh@biltrax.com - Type: BX1
2026-06-08 11:14:20,953 - Project: Gini Devi Goel Manipal Hospitals, Parsulidih - Email: shubhamkoltekarbiltrax@gmail.com - Type: BX1
2026-06-08 11:40:57,100 - Project: Kolte Patil Canvas, Jambhe - Email: komalsasbiltrax@gmail.com - Type: BX1
2026-06-08 11:51:46,389 - Project: Navanaami One, Hyderabad - Email: gauravimusalebiltrax@gmail.com - Type: BX1
2026-06-08 11:54:29,552 - Project: Roongta Galaxy Textile Market, Surat - Email: pratiksha@biltrax.com - Type: BX1
2026-06-08 12:36:04,680 - Project: Hiranandani Golden Willow, Panvel - Email: snehakatkarbiltrax@gmail.com - Type: BX1
2026-06-08 12:37:04,233 - Project: Hiranandani Golden Willow, Panvel - Email: snehakatkarbiltrax@gmail.com - Type: BX1
2026-06-08 12:40:56,522 - Project: Tribeca IRA Trump Towers, Hyderabad - Email: harsh@biltrax.com - Type: BX1
2026-06-08 14:04:02,930 - Project: Apollomedics Hospital, Varanasi - Email: shubhamkoltekarbiltrax@gmail.com - Type: BX1
2026-06-08 14:06:44,543 - Project: Bombay Island City Center, Dadar - Email: shrikants@biltrax.com - Type: BX1
2026-06-08 16:27:42,136 - Project: Dukia Aerovista, Jaipur - Email: nidhi14.biltrax@gmail.com - Type: BX1
2026-06-08 16:29:42,200 - Project: Parth Pacific A, Jaipur - Email: nidhi14.biltrax@gmail.com - Type: BX1
2026-06-08 16:34:09,888 - Project: Balaji The Royal Green, Jaipur - Email: nidhi14.biltrax@gmail.com - Type: BX1
2026-06-08 16:35:34,066 - Project: Balaji The Royal Green 2, Jaipur - Email: nidhi14.biltrax@gmail.com - Type: BX1
2026-06-08 16:37:11,240 - Project: Unimax Cityscape, Jaipur - Email: nidhi14.biltrax@gmail.com - Type: BX1
2026-06-08 17:19:30,690 - Project: BRPNNL High Level RCC Bridge on Gandak River - Email: komalsasbiltrax@gmail.com - Type: BX1
2026-06-08 17:29:32,295 - Project: Arishtanemi Nexus 2, Ahmedabad - Email: janhavim@biltrax.com - Type: BX1
2026-06-08 17:29:48,376 - Project: Akshar Elevate, Vashi - Email: snehakatkarbiltrax@gmail.com - Type: BX1
2026-06-08 17:31:25,449 - Project: Unknown Project - Email: arshil@biltrax.com - Type: BX2
2026-06-08 17:37:07,564 - Project: Rajyash Rove, Ahmedabad - Email: shubhamkoltekarbiltrax@gmail.com - Type: BX1
2026-06-08 17:37:21,115 - Project: Rajyash Rove, Ahmedabad - Email: shubhamkoltekarbiltrax@gmail.com - Type: BX1
2026-06-08 17:41:42,492 - Project: Omicron Business Landmarks, Wagholi - Email: snehakatkarbiltrax@gmail.com - Type: BX1
2026-06-09 09:20:49,844 - Project: HLP Orchid Premiire, Mohali - Email: yashybiltrax@gmail.com - Type: BX1
2026-06-09 09:23:13,950 - Project: Svam The Roots, Bangalore - Email: yashybiltrax@gmail.com - Type: BX1
2026-06-09 09:26:25,080 - Project: Raghav Vista, Kurla - Email: yashybiltrax@gmail.com - Type: BX1
2026-06-09 09:28:04,135 - Project: Fastech Levante City Vista, Greater Noida - Email: yashybiltrax@gmail.com - Type: BX1
2026-06-09 09:29:50,614 - Project: SBD Doon Curve, Panditwari - Email: yashybiltrax@gmail.com - Type: BX1
2026-06-09 09:32:32,605 - Project: MHADA Redevelopment of PMGP Colony Majaswadi, Jogeshwari - Email: yashybiltrax@gmail.com - Type: BX1
2026-06-09 09:59:21,328 - Project: Ishaan The Element, Ghaziabad - Email: komalsasbiltrax@gmail.com - Type: BX1
2026-06-09 10:31:45,112 - Project: PWD District Court Complex, Shastri Park - Email: kunalbiltrax03@gmail.com - Type: BX1
2026-06-09 12:00:02,885 - Project: Anantara Kolkata Hotel, Salt Lake - Email: janhavim@biltrax.com - Type: BX1
2026-06-09 12:07:25,115 - Project: Keventer One, Kolkata - Email: janhavim@biltrax.com - Type: BX1
2026-06-09 12:10:33,093 - Project: NHAI VUPs on Hyderabad to Bangalore Section (Package I) - Email: komalsasbiltrax@gmail.com - Type: BX1
2026-06-09 12:43:44,686 - Project: SBI Grameena Bank Head Office, Uppal - Email: shrikants@biltrax.com - Type: BX1
2026-06-09 14:14:51,991 - Project: Magarpatta Port 133, Pune - Email: shubhamkoltekarbiltrax@gmail.com - Type: BX1
2026-06-09 14:28:40,709 - Project: CPWD RBI Staff Quarters, Char Imli - Email: omkarkhatu@biltrax.com - Type: BX1
2026-06-09 15:12:09,362 - Project: Migsun Rohini Central, Rohini - Email: ajitd@biltrax.com - Type: BX1
2026-06-09 15:16:12,882 - Project: Saroj Hospital, Rohini - Email: ajitd@biltrax.com - Type: BX1
2026-06-09 16:07:11,917 - Project: Jayka Bellissima, Pune - Email: snehakatkarbiltrax@gmail.com - Type: BX1
2026-06-09 17:17:33,423 - Project: Goel Ganga IT Township, Pune - Email: harsh@biltrax.com - Type: BX1
2026-06-10 10:19:22,010 - Project: Traventure Altitude 9, Chennai - Email: komalsasbiltrax@gmail.com - Type: BX1
2026-06-10 10:54:18,556 - Project: Muttha Towers II (Commercial/IT/ITES), Yerawada - Email: harsh@biltrax.com - Type: BX1
2026-06-10 11:31:48,221 - Project: Maithri Residential, Bangalore - Email: rushabhg@biltrax.com - Type: BX1
2026-06-10 12:55:10,955 - Project: APTDCL Working Women Hostel, Nagaon - Email: suchitra@biltrax.com - Type: BX1
2026-06-10 13:55:26,069 - Project: Godrej Varanya, Kharghar - Email: megha@biltrax.com - Type: BX1
2026-06-10 14:01:03,322 - Project: Maithri Residential, Bangalore - Email: komalsasbiltrax@gmail.com - Type: BX1
2026-06-10 14:09:43,461 - Project: Amanora Residential, Borivali - Email: komalsasbiltrax@gmail.com - Type: BX1
2026-06-10 14:39:25,359 - Project: Unknown Project - Email: arshil@biltrax.com - Type: BX2
2026-06-10 16:05:25,709 - Project: NR Redevelopment of Railway Station, Meerut - Email: vikrantc@biltrax.com - Type: BX1
2026-06-10 16:13:01,831 - Project: BSCPL Krishnaiah Projects, Kogilu - Email: komalsasbiltrax@gmail.com - Type: BX1
2026-06-10 17:30:25,564 - Project: Evara Towers, Ahmedabad - Email: pratiksha@biltrax.com - Type: BX1
2026-06-11 10:42:43,896 - Project: TCS IT /ITES SEZ Campus, Indore - Email: shrikants@biltrax.com - Type: BX1
2026-06-11 11:00:42,035 - Project: Northstar SP Palacio, Abids - Email: akshaysultane@biltrax.com - Type: BX1
2026-06-11 11:03:00,382 - Project: L&T & Rubberwala The Gateway, Sewri - Email: suchitra@biltrax.com - Type: BX1
2026-06-11 11:10:06,329 - Project: SBD Doon Curve, Panditwari - Email: komalsasbiltrax@gmail.com - Type: BX1
2026-06-11 11:10:12,837 - Project: SBD Doon Curve, Panditwari - Email: komalsasbiltrax@gmail.com - Type: BX1
2026-06-11 11:26:41,014 - Project: HM North City, Bangalore - Email: komalsasbiltrax@gmail.com - Type: BX1
2026-06-11 13:49:47,064 - Project: NHAI Four Laning of Varanasi Bypass of NH 56 - Email: komalsasbiltrax@gmail.com - Type: BX1
2026-06-11 14:02:47,448 - Project: MES Infrastructure Building, Bhagur - Email: yashybiltrax@gmail.com - Type: BX1
2026-06-11 14:05:45,709 - Project: MHADA Slum Rehabilitation, Sion - Email: yashybiltrax@gmail.com - Type: BX1
2026-06-11 14:29:31,249 - Project: Kohinoor Business Tower, Pune - Email: shubhamkoltekarbiltrax@gmail.com - Type: BX1
2026-06-11 14:53:19,516 - Project: Radisson Blu Hotel, Dum Dum - Email: shubhamkoltekarbiltrax@gmail.com - Type: BX1
2026-06-11 14:53:24,500 - Project: Radisson Blu Hotel, Dum Dum - Email: shubhamkoltekarbiltrax@gmail.com - Type: BX1
2026-06-11 15:34:44,258 - Project: Kumbh Avyanna, Gandhinagar - Email: shrikants@biltrax.com - Type: BX1
2026-06-11 15:57:00,572 - Project: Kochi Metro Phase 2 (JLN Stadium- Info Park) - Email: kunalbiltrax03@gmail.com - Type: BX1
2026-06-11 16:38:54,380 - Project: SNS Elevate, Surat - Email: omkarkhatu@biltrax.com - Type: BX1
2026-06-11 16:54:13,912 - Project: Infocity LR Capital, Rampally - Email: omkarkhatu@biltrax.com - Type: BX1
2026-06-11 16:58:25,239 - Project: UPMRC Metro Bhawan cum OCC Building, Lucknow - Email: omkarkhatu@biltrax.com - Type: BX1
2026-06-11 17:07:56,263 - Project: Shiv Nirman 351, Surat - Email: shrikants@biltrax.com - Type: BX1
2026-06-11 17:13:17,466 - Project: Century The Turban Resort, Pushkar - Email: omkarkhatu@biltrax.com - Type: BX1
2026-06-11 17:17:17,187 - Project: Marriot Resort & Spa, Chikmagalur - Email: omkarkhatu@biltrax.com - Type: BX1
2026-06-11 17:49:40,949 - Project: Godrej Vistas, Vikhroli - Email: arshil@biltrax.com - Type: BX1
2026-06-11 17:50:21,981 - Project: BIAL Taj Combo Hotel, Bangalore - Email: shubhamu@biltrax.com - Type: BX1
2026-06-12 10:01:08,829 - Project: Signature Global Cloverdale SPR, Gurgaon - Email: komalsasbiltrax@gmail.com - Type: BX1
2026-06-12 11:24:37,183 - Project: The Leela Palace, Srinagar - Email: shrikants@biltrax.com - Type: BX1
2026-06-12 13:55:33,232 - Project: UPPCL CM Model Composite School, Ayodhya - Email: yashybiltrax@gmail.com - Type: BX1
2026-06-12 13:58:33,092 - Project: CPWD Integrated Office Building Complex, Bengaluru - Email: yashybiltrax@gmail.com - Type: BX1
2026-06-12 13:59:00,082 - Project: CPWD Integrated Office Building Complex, Bengaluru - Email: yashybiltrax@gmail.com - Type: BX1
2026-06-12 15:05:35,779 - Project: Jayka Synergy Tower, Baner - Email: shubhamu@biltrax.com - Type: BX1
2026-06-12 15:11:42,738 - Project: KITCO Academic Building, Payyannur - Email: jagdishbiltrax@gmail.com - Type: BX1
2026-06-12 16:16:14,036 - Project: Raheja Prime One, Juinagar - Email: omkarkhatu@biltrax.com - Type: BX1
2026-06-12 16:24:46,485 - Project: BIAL Taj Combo Hotel, Bangalore - Email: omkarkhatu@biltrax.com - Type: BX1
2026-06-12 16:32:08,678 - Project: M3M Altitude, Gurgaon - Email: omkarkhatu@biltrax.com - Type: BX1
2026-06-12 16:36:16,043 - Project: Merlin World Trade Center, Bidhannagar - Email: omkarkhatu@biltrax.com - Type: BX1
2026-06-12 17:03:09,591 - Project: Mayfair Golf Resort, Puri - Email: omkarkhatu@biltrax.com - Type: BX1
2026-06-12 17:15:28,979 - Project: Unknown Project - Email: arshil@biltrax.com - Type: BX2
2026-06-12 17:24:18,841 - Project: CPWD RBI Staff Quarters, Guwahati - Email: shashig@biltrax.com - Type: BX1
2026-06-12 17:24:24,172 - Project: Unknown Project - Email: arshil@biltrax.com - Type: BX2
2026-06-12 17:38:38,713 - Project: Chalet Athiva Hotel and Convention Centre, Thiruvananthapuram - Email: shubhamkoltekarbiltrax@gmail.com - Type: BX1
2026-06-15 09:37:55,344 - Project: The Palash Homes, Mohali - Email: yashybiltrax@gmail.com - Type: BX1
2026-06-15 09:42:04,370 - Project: Pushp Pooja Enclave, Pune - Email: yashybiltrax@gmail.com - Type: BX1
2026-06-15 09:45:01,540 - Project: Shivam Grand, Jaipur - Email: yashybiltrax@gmail.com - Type: BX1
2026-06-15 09:47:49,035 - Project: Sarv The Eden Park, Mohali - Email: yashybiltrax@gmail.com - Type: BX1
2026-06-15 09:50:05,464 - Project: Dinesh Ganpati Niketan - Email: yashybiltrax@gmail.com - Type: BX1
2026-06-15 09:55:35,747 - Project: Central Park Delphine, Gurgaon - Email: komalsasbiltrax@gmail.com - Type: BX1
2026-06-15 10:02:10,029 - Project: NMC Sangam Bridge to Makhmalabad Road Section - Email: komalsasbiltrax@gmail.com - Type: BX1
2026-06-15 10:15:16,978 - Project: NHM District Hospital, Latur - Email: yashybiltrax@gmail.com - Type: BX1
2026-06-15 10:17:27,202 - Project: CPWD SSB Separated Family Accommodation, Gomti Nagar - Email: yashybiltrax@gmail.com - Type: BX1
2026-06-15 11:47:05,342 - Project: Aaryan Ace, Ahmedabad - Email: pratiksha@biltrax.com - Type: BX1
2026-06-15 14:41:50,637 - Project: TCS New Tech Park Expansion, Egattur - Email: shubhamkoltekarbiltrax@gmail.com - Type: BX1
2026-06-15 14:42:52,965 - Project: Unknown Project - Email: saurabhkamble@biltrax.com - Type: BX1
2026-06-15 15:05:46,943 - Project: CPWD AIIMS Critical Care Hospital, New Delhi - Email: megha@biltrax.com - Type: BX1
2026-06-15 15:32:13,722 - Project: W Hotel, Delhi - Email: ajitd@biltrax.com - Type: BX1
2026-06-15 16:22:14,656 - Project: Merlin 18 East, Mundhwa - Email: shubhamkoltekarbiltrax@gmail.com - Type: BX1
2026-06-15 16:42:37,902 - Project: Girls' Hostel at Barkatullah Vishwavidyalaya University - Email: saurabhkamble@biltrax.com - Type: BX1
2026-06-15 18:11:06,433 - Project: Dream 24 High Zennith, Andheri - Email: harsh@biltrax.com - Type: BX1
2026-06-16 09:21:14,080 - Project: Jindal Institute of Integrated Medicine & Geriatric Care - Email: shubhamkoltekarbiltrax@gmail.com - Type: BX1
2026-06-16 09:46:22,031 - Project: Ruparel Jewel, Parel - Email: komalsasbiltrax@gmail.com - Type: BX1
2026-06-16 09:54:42,184 - Project: Engineers EH Towers, Tathawade - Email: komalsasbiltrax@gmail.com - Type: BX1
2026-06-16 10:06:43,961 - Project: PWD District Commissioner Office, Lakhimpur - Email: yashybiltrax@gmail.com - Type: BX1
2026-06-16 10:10:26,344 - Project: CPWD MSRVVP Rashtriya Adarsh Veda Vidyalaya Development, Dwarka - Email: yashybiltrax@gmail.com - Type: BX1
2026-06-16 10:18:15,998 - Project: MHADA Residential Tenements Plot R-4, Goregaon - Email: megha@biltrax.com - Type: BX1
2026-06-16 10:47:42,628 - Project: Yotta Data Centre, Nagpur - Email: komalsasbiltrax@gmail.com - Type: BX1
2026-06-16 11:05:23,076 - Project: PWD Rest House, Hisar - Email: shashig@biltrax.com - Type: BX1
2026-06-16 11:19:08,062 - Project: Hexa Skyline, Bangalore - Email: akshaysultane@biltrax.com - Type: BX1
2026-06-16 11:21:06,279 - Project: Ace Jainpete, Vitla - Email: akshaysultane@biltrax.com - Type: BX1
2026-06-16 12:01:40,304 - Project: Greenscape Cyber Works, Ghansoli - Email: snehakatkarbiltrax@gmail.com - Type: BX1
2026-06-16 15:16:20,422 - Project: Sify Data Center, Noida - Email: shubhamu@biltrax.com - Type: BX1
2026-06-16 15:44:25,710 - Project: Metro Satyam Queens Necklace, Taloja - Email: snehakatkarbiltrax@gmail.com - Type: BX1
2026-06-16 16:40:27,646 - Project: SK Fortune Indra Praniti, Aundh - Email: shrikants@biltrax.com - Type: BX1
2026-06-16 17:16:03,569 - Project: Teerthanker Adinath Institute of Medical Sciences, Ghaziabad - Email: shubhamkoltekarbiltrax@gmail.com - Type: BX1
2026-06-16 17:22:41,227 - Project: Max Hospital, Pitampura - Email: ajitd@biltrax.com - Type: BX1
2026-06-16 17:46:32,234 - Project: KGA Mall, Changanassery - Email: akshaysultane@biltrax.com - Type: BX1
2026-06-16 17:52:54,601 - Project: Business Bay Central Ikon, Noida - Email: ajitd@biltrax.com - Type: BX1
2026-06-16 18:12:02,195 - Project: Spark by Hilton, Navsari - Email: nidhi@biltrax.com - Type: BX1
2026-06-17 09:16:37,761 - Project: PWD Critical Care Hospital Block, Tezpur - Email: yashybiltrax@gmail.com - Type: BX1
2026-06-17 09:31:26,802 - Project: Sakra World Hospital, Bangalore - Email: suchitra@biltrax.com - Type: BX1
2026-06-17 09:36:53,832 - Project: MHADA Slum Rehabilitation, Sion - Email: yashybiltrax@gmail.com - Type: BX1
2026-06-17 10:11:52,608 - Project: Land Capital Viha, Sarjapur - Email: komalsasbiltrax@gmail.com - Type: BX1
2026-06-17 10:50:09,794 - Project: Chalet Athiva Hotel and Convention Centre, Thiruvananthapuram - Email: shubhamkoltekarbiltrax@gmail.com - Type: BX1
2026-06-17 11:09:04,028 - Project: CPWD AIIMS Critical Care Hospital, New Delhi - Email: omkarkhatu@biltrax.com - Type: BX1
2026-06-17 11:30:20,780 - Project: Namishree Aria, Nagole - Email: suchitra@biltrax.com - Type: BX1
2026-06-17 11:42:31,925 - Project: UPPWD DPUP International Exhibition cum Convention Centre, Lucknow - Email: omkarkhatu@biltrax.com - Type: BX1
2026-06-17 11:49:03,192 - Project: Eldeco Camelot, Dwarka - Email: shrikants@biltrax.com - Type: BX1
2026-06-17 12:21:32,829 - Project: Lodha Sadahalli, Bengaluru - Email: shubhamkoltekarbiltrax@gmail.com - Type: BX1
2026-06-17 12:34:10,682 - Project: Maithri Residential, Bangalore - Email: komalsasbiltrax@gmail.com - Type: BX1
2026-06-17 14:17:45,561 - Project: Runwal Commerz, Kanjurmarg - Email: suchitra@biltrax.com - Type: BX1
2026-06-17 15:59:55,935 - Project: Dasnac Place, Noida - Email: shubhamu@biltrax.com - Type: BX1
2026-06-17 16:25:47,554 - Project: Unknown Project - Email: harsh@biltrax.com - Type: BX2
2026-06-17 16:30:10,687 - Project: PWD Kethun to Adusa Section of MDR 185 - Email: vikrantc@biltrax.com - Type: BX1
2026-06-17 16:48:26,000 - Project: NMMC Urban Health Post, Ghansoli - Email: harsh@biltrax.com - Type: BX1
2026-06-17 17:23:34,815 - Project: Daiwik Mixed Use Project, Tirupati - Email: vikrantc@biltrax.com - Type: BX1
2026-06-17 17:23:39,196 - Project: Daiwik Mixed Use Project, Tirupati - Email: vikrantc@biltrax.com - Type: BX1
2026-06-17 17:46:56,242 - Project: JR Medicity, Morbi - Email: shubhamkoltekarbiltrax@gmail.com - Type: BX1
2026-06-17 17:56:02,489 - Project: Greenscape Cyber Square, Nerul - Email: snehakatkarbiltrax@gmail.com - Type: BX1
2026-06-17 17:58:15,325 - Project: Dasnac Place, Noida - Email: harsh@biltrax.com - Type: BX1
2026-06-17 18:05:18,916 - Project: Valor DB Commercial & Hilton Conrad hotel, Andheri - Email: harsh@biltrax.com - Type: BX1
2026-06-17 18:12:50,971 - Project: Eldeco Camelot, Dwarka - Email: shrikants@biltrax.com - Type: BX1
2026-06-18 09:18:39,358 - Project: MPBDCL Kanya Shiksha Campus Expansion, Thikri - Email: yyash7816@gmail.com - Type: BX1
2026-06-18 09:31:38,563 - Project: UPMRC Metro Depot cum Workshop, Agra - Email: yyash7816@gmail.com - Type: BX1
2026-06-18 10:43:21,707 - Project: MORTH Two Laning of Neechli Oden to Bhatewar Section of NH-162E - Email: komalsasbiltrax@gmail.com - Type: BX1
2026-06-18 14:41:53,518 - Project: PWD Bhandara Road Project - Email: komalsasbiltrax@gmail.com - Type: BX1
2026-06-18 14:44:27,443 - Project: Dharavi Slum Redevelopment Project, Dharavi - Email: vaibhavis@biltrax.com - Type: BX1
2026-06-18 14:47:44,564 - Project: PWD Bhandara Road Project - Email: komalsasbiltrax@gmail.com - Type: BX1
2026-06-18 14:48:30,930 - Project: Unknown Project - Email: saurabhkamble@biltrax.com - Type: BX1
2026-06-18 15:01:19,790 - Project: Unknown Project - Email: saurabhkamble@biltrax.com - Type: BX1
2026-06-18 15:01:23,607 - Project: Sandbox Workspaces - Email: saurabhkamble@biltrax.com - Type: BX1
2026-06-18 15:02:02,089 - Project: Grade-A Mini Tech Park - Email: saurabhkamble@biltrax.com - Type: BX1
2026-06-18 16:18:38,856 - Project: SRSD Oyster Walk, Ghaziabad - Email: komalsasbiltrax@gmail.com - Type: BX1
2026-06-18 16:24:01,123 - Project: Primus Darpan, Bangalore - Email: akshaysultane@biltrax.com - Type: BX1
2026-06-18 16:25:31,942 - Project: SL Highstreet, Saraswati Nagar - Email: shubhamu@biltrax.com - Type: BX1
2026-06-18 16:33:01,946 - Project: Primus Sangama, Bangalore - Email: akshaysultane@biltrax.com - Type: BX1
2026-06-18 16:42:10,472 - Project: Sri Jagannath International Airport, Puri - Email: shubhamkoltekarbiltrax@gmail.com - Type: BX1
2026-06-18 17:19:52,988 - Project: PWD Integrated High Court Complex, Bandra - Email: vikrantc@biltrax.com - Type: BX1
2026-06-19 09:15:00,060 - Project: MPBDCL Kanya Shiksha Parisar, Sardarpur - Email: yashybiltrax@gmail.com - Type: BX1
2026-06-19 09:19:43,732 - Project: Arttech The Story House, Gurgaon - Email: omkarkhatu@biltrax.com - Type: BX1
2026-06-19 09:28:29,137 - Project: CPWD Redevelopment of GPRA Colony (Package II - Type II), Sriniwaspuri - Email: yashybiltrax@gmail.com - Type: BX1
2026-06-19 09:47:03,753 - Project: JW Marriott Hotel, Bangalore - Email: akshaysultane@biltrax.com - Type: BX1
2026-06-19 09:55:18,966 - Project: Radisson Hotel Bengaluru Aerospace Park, Bangalore - Email: akshaysultane@biltrax.com - Type: BX1
2026-06-19 10:36:44,664 - Project: Godrej Majesty, Greater Noida - Email: meghanachiketkini@gmail.com - Type: BX1
2026-06-19 11:12:29,975 - Project: Amar Poonawalla Towers, Pune - Email: shubhamkoltekarbiltrax@gmail.com - Type: BX1
2026-06-19 11:16:08,565 - Project: Delhi Metro Phase 5A, Line 8 Extension, (RK Ashram - Marg Indraprastha) - Email: jagdishbiltrax@gmail.com - Type: BX1
2026-06-19 11:17:08,611 - Project: Ajod One, Juhu - Email: harsh@biltrax.com - Type: BX1
2026-06-19 11:18:04,137 - Project: Amar Delta One Commercial Project, Pune - Email: shubhamkoltekarbiltrax@gmail.com - Type: BX1
2026-06-19 11:18:09,076 - Project: Amar Delta One Commercial Project, Pune - Email: shubhamkoltekarbiltrax@gmail.com - Type: BX1
2026-06-19 11:35:27,444 - Project: Landmark one, Gurgaon - Email: shubhamkoltekarbiltrax@gmail.com - Type: BX1
2026-06-19 11:47:04,911 - Project: Balmukund The Posh, Gandhinagar - Email: aksha@biltrax.com - Type: BX1
2026-06-19 12:06:37,113 - Project: Shanti Raman Capital, Kandivali - Email: harsh@biltrax.com - Type: BX1
2026-06-19 12:25:01,896 - Project: School of Ultimate Leadership Foundation, Gandhinagar - Email: aksha@biltrax.com - Type: BX1
2026-06-19 12:37:49,274 - Project: CIAL Compact Commercial Facility, Nedumbassery - Email: jagdishbiltrax@gmail.com - Type: BX1
2026-06-19 14:15:31,661 - Project: Nexsa Capital, Andheri - Email: shubhamu@biltrax.com - Type: BX1
2026-06-19 14:42:49,479 - Project: Zaveri Aurus, Ahmedabad - Email: aksha@biltrax.com - Type: BX1
2026-06-19 16:42:26,219 - Project: Taj Hotel, Akkulam - Email: harsh@biltrax.com - Type: BX1
2026-06-19 17:43:43,266 - Project: Unknown Project - Email: sankalpbiltrax@gmail.com - Type: BX2
2026-06-20 09:50:29,847 - Project: Lucknow Metro Phase 1, Corridor 2 (Charbaug - Vasant Kunj) - Email: vikrantc@biltrax.com - Type: BX1
2026-06-20 10:20:38,745 - Project: UPMRC Depot Cum Workshop, Vasant Kunj - Email: yashybiltrax@gmail.com - Type: BX1
2026-06-20 10:37:36,216 - Project: Kundan Tribeca Trump World Center, Mundhwa - Email: snehakatkarbiltrax@gmail.com - Type: BX1
2026-06-20 10:58:42,098 - Project: BARC Engineering Hall and Science Laboratory Building, Atchutapuram - Email: yashybiltrax@gmail.com - Type: BX1
2026-06-20 10:59:52,027 - Project: Zaveri Aurus, Ahmedabad - Email: shrikants@biltrax.com - Type: BX1
2026-06-20 11:30:00,635 - Project: United Retail, Bilekahalli - Email: arshil@biltrax.com - Type: BX1
2026-06-20 11:33:06,073 - Project: Orrange Trade Center, Dhamtari - Email: harsh@biltrax.com - Type: BX1
2026-06-20 11:37:39,791 - Project: Equinix Data Centre, Siruseri - Email: harsh@biltrax.com - Type: BX1
2026-06-20 11:55:43,525 - Project: Goel Ganga Legends County, Pune - Email: komalsasbiltrax@gmail.com - Type: BX1
2026-06-20 12:21:46,902 - Project: Central Administrative Building at District Collectorate Premises, Ratnagiri - Email: saurabhkamble@biltrax.com - Type: BX1
2026-06-20 12:26:49,331 - Project: DoubleTree By Hilton, Kochi - Email: janhavibiltrax30@gmail.com - Type: BX1
2026-06-20 12:35:17,672 - Project: Aura Vantaje, Gurgaon - Email: shubhamkoltekarbiltrax@gmail.com - Type: BX1
2026-06-20 12:39:06,843 - Project: Skymac Vox (One Cent), Ahmedabad - Email: janhavibiltrax30@gmail.com - Type: BX1
2026-06-20 12:48:40,094 - Project: Radisson Blu Hotel, Siliguri - Email: janhavibiltrax30@gmail.com - Type: BX1
2026-06-20 12:51:22,106 - Project: RBDCK Flyover at Peroorkada Junction - Email: komalsasbiltrax@gmail.com - Type: BX1
2026-06-20 14:04:42,675 - Project: Siddhashila Eeva, Punawale - Email: pratiksha@biltrax.com - Type: BX1
2026-06-20 14:05:39,852 - Project: IHG Holiday Inn, Thiruvananthapuram - Email: harsh@biltrax.com - Type: BX1
2026-06-20 14:26:01,781 - Project: MORTH Polur to Chengam Road Widening of Section SH 133 - Email: komalsasbiltrax@gmail.com - Type: BX1
2026-06-20 15:00:44,142 - Project: APIICL Head Office Building, Amaravathi - Email: omkarkhatu@biltrax.com - Type: BX1
2026-06-20 15:05:46,476 - Project: Chandak SRA Project, Borivali - Email: rushabhg@biltrax.com - Type: BX1
2026-06-20 15:07:31,332 - Project: Courtyard Vista, Vadodara - Email: aksha@biltrax.com - Type: BX1
2026-06-20 15:09:50,507 - Project: New Rajasthan Grand Hotel And Convention Centre, Thiruvananthapuram - Email: harsh@biltrax.com - Type: BX1
2026-06-20 15:56:53,049 - Project: MM Raj Enclave Phase 1, Surat - Email: aksha@biltrax.com - Type: BX1
2026-06-20 16:15:56,655 - Project: Aatman Anjani Nandan Enclave, Surat - Email: aksha@biltrax.com - Type: BX1
2026-06-20 16:16:01,915 - Project: Aatman Anjani Nandan Enclave, Surat - Email: aksha@biltrax.com - Type: BX1
2026-06-20 16:18:12,771 - Project: HSCC DMER Government Medical College & Hospital Expansion, Aurangabad - Email: omkarkhatu@biltrax.com - Type: BX1
2026-06-20 16:27:44,850 - Project: Aatman Anjani Nandan Enclave, Surat - Email: aksha@biltrax.com - Type: BX1
2026-06-20 16:44:43,104 - Project: Gokulam Star Hotel, Varkala - Email: harsh@biltrax.com - Type: BX1
2026-06-20 16:47:58,204 - Project: Agrawal Hospital, Raipur - Email: harsh@biltrax.com - Type: BX1
2026-06-20 16:55:20,185 - Project: NHAI Six Lane Elevated Corridor and Flyover in Kolhapur City NH 48 (Package 1) - Email: komalsasbiltrax@gmail.com - Type: BX1
2026-06-20 17:25:03,929 - Project: New Rajasthan Grand Hotel And Convention Centre - Email: akshaysultane@biltrax.com - Type: BX1
2026-06-20 17:28:00,272 - Project: United Retail, Bilekahalli - Email: akshaysultane@biltrax.com - Type: BX1
2026-06-20 17:38:41,135 - Project: RDA PM Ekta Mall, Pandri - Email: jagdishbiltrax@gmail.com - Type: BX1
2026-06-20 17:39:45,313 - Project: RDA PM Ekta Mall, Pandri - Email: jagdishbiltrax@gmail.com - Type: BX1
2026-06-20 17:45:14,741 - Project: Amazon Data Centre, Ambernath - Email: harsh@biltrax.com - Type: BX1
2026-06-20 18:00:18,436 - Project: Today Royal I Land 27, Kharghar - Email: aksha@biltrax.com - Type: BX1
2026-06-20 18:08:46,032 - Project: Ayurveda College and Hospital - Email: saurabhkamble@biltrax.com - Type: BX1
2026-06-20 18:10:52,119 - Project: District Hospital Alirajpur - Email: saurabhkamble@biltrax.com - Type: BX1
2026-06-20 18:35:09,784 - Project: Vrise The Loft, Channasandra - Email: megha@biltrax.com - Type: BX1
2026-06-22 09:30:52,500 - Project: PWD Sub District Hospital, Ajanta - Email: yashybiltrax@gmail.com - Type: BX1
2026-06-22 09:38:59,955 - Project: VTP Altamira, Pune - Email: megha@biltrax.com - Type: BX1
2026-06-22 09:46:50,874 - Project: World Trade Center - Email: saurabhkamble@biltrax.com - Type: BX1
2026-06-22 09:48:43,965 - Project: CPWD Eklavya Model Residential School (EMRS), Amirgadh - Email: yashybiltrax@gmail.com - Type: BX1
2026-06-22 09:49:42,750 - Project: Midland Hospital, Lucknow - Email: megha@biltrax.com - Type: BX1
2026-06-22 10:08:57,906 - Project: BSRDCL Munger to Sultanganj Road Section - Email: megha@biltrax.com - Type: BX1
2026-06-22 10:14:19,174 - Project: Bunty Mayur Skylife, Pune - Email: komalsasbiltrax@gmail.com - Type: BX1
2026-06-22 10:39:38,036 - Project: Millennium Courtyard, Panvel - Email: komalsasbiltrax@gmail.com - Type: BX1
2026-06-22 10:42:37,626 - Project: Unknown Project - Email: vikrantc@biltrax.com - Type: BX2
2026-06-22 11:45:48,406 - Project: Godrej Sora, Gurgaon - Email: komalsasbiltrax@gmail.com - Type: BX1
2026-06-22 11:59:43,158 - Project: Eldeco 7 Peaks Residences, Greater Noida - Email: megha@biltrax.com - Type: BX1
2026-06-22 12:33:06,468 - Project: Hrub Avhad Oasis, Dadar - Email: janhavibiltrax30@gmail.com - Type: BX1
2026-06-22 12:53:57,407 - Project: MRG Goldfinch City - Email: rushabhg@biltrax.com - Type: BX1
2026-06-22 12:56:45,408 - Project: Swagat Bellazio - Email: pratiksha@biltrax.com - Type: BX1
2026-06-22 14:00:50,853 - Project: Unique Spire & Unique Hotel, Nellore - Email: vikrantc@biltrax.com - Type: BX1
2026-06-22 14:29:05,358 - Project: Marriott Sheraton Hotel, Chakkai - Email: harsh@biltrax.com - Type: BX1
2026-06-22 14:38:48,794 - Project: Aastha Residential, Gandhinagar - Email: pratiksha@biltrax.com - Type: BX1
2026-06-22 15:12:41,198 - Project: The Leela Palace, Srinagar - Email: shrikants@biltrax.com - Type: BX1
2026-06-22 15:30:15,145 - Project: Prestige Golden Grove, Hyderabad - Email: vikrantc@biltrax.com - Type: BX1
2026-06-22 16:15:16,657 - Project: Unknown Project - Email: saurabhkamble@biltrax.com - Type: BX1
2026-06-22 16:37:40,512 - Project: Rainbow Maternal & Childcare Hospital, Gurugram - Email: harsh@biltrax.com - Type: BX1
2026-06-22 16:45:18,562 - Project: Candeur Skyline, Nanakaramguda - Email: shrikants@biltrax.com - Type: BX1
2026-06-22 16:45:23,051 - Project: Candeur Skyline, Nanakaramguda - Email: shrikants@biltrax.com - Type: BX1
2026-06-22 16:51:41,794 - Project: PWD Judicial Court Complex, Bawal - Email: shashig@biltrax.com - Type: BX1
2026-06-22 17:10:29,045 - Project: IG3 Data Centre, Kasaba Hobli - Email: rushabhg@biltrax.com - Type: BX1
2026-06-22 17:12:36,957 - Project: Virtuous City Center, Thane - Email: harsh@biltrax.com - Type: BX1
2026-06-22 17:24:29,385 - Project: Rainbow Children Hospital, Coimbatore - Email: akshaysultane@biltrax.com - Type: BX1
2026-06-22 17:27:48,655 - Project: Nirmala Paras Sky, Bhilwara - Email: akshaysultane@biltrax.com - Type: BX1
2026-06-23 10:02:29,938 - Project: Vrise The Loft, Channasandra - Email: rushabhg@biltrax.com - Type: BX1
2026-06-23 10:06:56,168 - Project: Mahaveer Crest, Bangalore - Email: komalsasbiltrax@gmail.com - Type: BX1
2026-06-23 10:11:33,251 - Project: Flora Headquarters Primo One, Kalina - Email: harsh@biltrax.com - Type: BX1
2026-06-23 10:15:21,240 - Project: Platinum 9 World Tower, Wakad - Email: harsh@biltrax.com - Type: BX1
2026-06-23 10:40:00,827 - Project: Tirath Octavia, Lucknow - Email: rushabhg@biltrax.com - Type: BX1
2026-06-23 10:42:12,800 - Project: Bharti Nxtra Data Center, Chandanvelly - Email: harsh@biltrax.com - Type: BX1
2026-06-23 11:43:28,608 - Project: Courtyard by Marriott, Mundra - Email: harsh@biltrax.com - Type: BX1
2026-06-23 12:05:24,872 - Project: Lodha Sylvan, Hinjewadi - Email: pratiksha@biltrax.com - Type: BX1
2026-06-23 12:16:59,106 - Project: Satguru NM Enclave, Indore - Email: pratiksha@biltrax.com - Type: BX1
2026-06-23 12:30:09,723 - Project: Sugee Residential, Thane - Email: pratiksha@biltrax.com - Type: BX1
2026-06-23 12:41:17,068 - Project: Vrindavan Eastern Heights, Nagpur - Email: pratiksha@biltrax.com - Type: BX1
2026-06-23 12:46:51,335 - Project: Nxtra Data Centre, Katamnallur - Email: komalsasbiltrax@gmail.com - Type: BX1
2026-06-23 12:55:26,963 - Project: ITC Global AI Centre Phase 2, Newtown - Email: pratiksha@biltrax.com - Type: BX1
2026-06-23 12:57:47,550 - Project: Paramitra Stalwart Atmosphere, Bhubaneshwar - Email: pratiksha@biltrax.com - Type: BX1
2026-06-23 13:55:40,944 - Project: DDA Sports Complex, Sector 19 B Dwarka - Email: shubhamkoltekarbiltrax@gmail.com - Type: BX1
2026-06-23 14:07:16,403 - Project: Cholamandalam IT/ITES Building, Chennai - Email: pratiksha@biltrax.com - Type: BX1
2026-06-23 15:09:09,736 - Project: PWD NLU Academic and Administrative Block, Narsingarh - Email: yashybiltrax@gmail.com - Type: BX1
2026-06-23 15:19:53,142 - Project: F5 Epitome, Kothrud - Email: shubhamu@biltrax.com - Type: BX1
2026-06-23 15:22:39,321 - Project: F5 Epitome, Kothrud - Email: shubhamu@biltrax.com - Type: BX1
2026-06-23 15:22:42,129 - Project: F5 Epitome, Kothrud - Email: shubhamu@biltrax.com - Type: BX1
2026-06-23 15:24:44,682 - Project: NBCC Redevelopment of GPRA Colony (Package - III A), Netaji Nagar - Email: yashybiltrax@gmail.com - Type: BX1
2026-06-23 15:58:48,921 - Project: Elan The Mark, Gurgaon - Email: shubhamkoltekarbiltrax@gmail.com - Type: BX1
2026-06-23 16:26:02,656 - Project: Aaditri Gateway, Lankelapalem - Email: shubhamu@biltrax.com - Type: BX1
2026-06-23 16:32:43,678 - Project: TMC HBCHRC ICICI Children and Blood Cancer Care, Vizag - Email: shubhamu@biltrax.com - Type: BX1
2026-06-23 16:55:02,900 - Project: Unknown Project - Email: saurabhkamble@biltrax.com - Type: BX1
2026-06-24 09:30:23,852 - Project: JVP Vishwam Institute of Medical Sciences, Jaipur - Email: megha@biltrax.com - Type: BX1
2026-06-24 09:33:33,603 - Project: PWD NLU Academic and Administrative Block, Narsingarh - Email: yashybiltrax@gmail.com - Type: BX1
2026-06-24 09:39:36,683 - Project: CPWD RBI Staff Quarters, Char Imli - Email: yashybiltrax@gmail.com - Type: BX1
2026-06-24 09:39:42,377 - Project: Aniruddha LK Crown, New Panvel - Email: komalsasbiltrax@gmail.com - Type: BX1
2026-06-24 09:41:19,665 - Project: Purvanchal Royal Atlantis - Email: megha@biltrax.com - Type: BX1
2026-06-24 09:45:29,844 - Project: Purvanchal Royal Atlantis - Email: megha@biltrax.com - Type: BX1
2026-06-24 10:17:52,786 - Project: Kohinoor Satori, Mahalunge - Email: megha@biltrax.com - Type: BX1
2026-06-24 10:46:18,141 - Project: Jubilee Mercasa, New Chandigarh - Email: yashybiltrax@gmail.com - Type: BX1
2026-06-24 11:26:30,693 - Project: Sarvottam Sapphire - Email: yashybiltrax@gmail.com - Type: BX1
2026-06-24 11:28:52,130 - Project: Deepmala Sky Park, Ajmer - Email: yashybiltrax@gmail.com - Type: BX1
2026-06-24 11:31:04,705 - Project: Ravi Damodar Homes Kajarwara, Jabalpur - Email: yashybiltrax@gmail.com - Type: BX1
2026-06-24 11:32:21,654 - Project: Arttech The Story House, Gurgaon - Email: yashybiltrax@gmail.com - Type: BX1
2026-06-24 11:41:26,521 - Project: Kohinoor Satori, Mahalunge - Email: komalsasbiltrax@gmail.com - Type: BX1
2026-06-24 12:20:23,642 - Project: SBR Global Queensville, Bangalore - Email: gauravimusalebiltrax@gmail.com - Type: BX1
2026-06-24 12:41:28,861 - Project: PWD Judicial Township, Guwahati - Email: megha@biltrax.com - Type: BX1
2026-06-24 12:54:39,344 - Project: Unknown Project - Email: saurabhkamble@biltrax.com - Type: BX1
2026-06-24 13:54:11,369 - Project: NHAI Three VUPs at Ayodhya Bypass Section of NH 27 - Email: komalsasbiltrax@gmail.com - Type: BX1
2026-06-24 13:57:29,921 - Project: BCD High Court Campus, Patna - Email: omkarkhatu@biltrax.com - Type: BX1
2026-06-24 15:02:55,059 - Project: Thakur Cinema, Kandivali - Email: shubhamu@biltrax.com - Type: BX1
2026-06-24 15:03:50,855 - Project: Thakur Cinema, Kandivali - Email: shubhamu@biltrax.com - Type: BX1
2026-06-24 15:04:25,892 - Project: Macleods House - Email: saurabhkamble@biltrax.com - Type: BX1
2026-06-24 15:10:46,326 - Project: Sid Ellington, Faridabad - Email: rushabhg@biltrax.com - Type: BX1
2026-06-24 15:31:33,803 - Project: Primus Business Park, Bangalore - Email: shubhamu@biltrax.com - Type: BX1
2026-06-24 15:43:20,200 - Project: Seyad Fathimuthu Hospital, Tirunelveli - Email: shubhamu@biltrax.com - Type: BX1
2026-06-24 15:44:08,333 - Project: Seyad Fathimuthu Hospital, Tirunelveli - Email: shubhamu@biltrax.com - Type: BX1
2026-06-24 16:33:15,496 - Project: Embee Manakamna PCM Skydale, Siliguri - Email: vaibhavis@biltrax.com - Type: BX1
2026-06-24 17:10:10,408 - Project: Moxy - Email: saurabhkamble@biltrax.com - Type: BX1
2026-06-24 18:22:17,420 - Project: Stanley Hospital, Chennai - Email: akshaysultane@biltrax.com - Type: BX1
2026-06-25 09:24:16,058 - Project: GAIL Residential Township, Noida - Email: rushabhg@biltrax.com - Type: BX1
2026-06-25 09:52:30,573 - Project: Baashyaam Residential, Alwarpet - Email: rushabhg@biltrax.com - Type: BX1
2026-06-25 09:53:54,510 - Project: Max Estates 360, Gurgaon - Email: komalsasbiltrax@gmail.com - Type: BX1
2026-06-25 10:02:28,414 - Project: Maharshi Mahesh Yogi Ramayan University, Ayodhya - Email: rushabhg@biltrax.com - Type: BX1
2026-06-25 10:04:41,788 - Project: VTP Monarque, Hinjewadi - Email: komalsasbiltrax@gmail.com - Type: BX1
2026-06-25 10:47:54,019 - Project: NBCC DDA Old Staff Quarters, Rajinder Nagar - Email: shrikants@biltrax.com - Type: BX1
2026-06-25 11:42:52,381 - Project: DLF Hines Atrium Place, Gurgaon - Email: shubhamkoltekarbiltrax@gmail.com - Type: BX1
2026-06-25 11:50:44,880 - Project: DLF Tech Park, Noida - Email: shubhamkoltekarbiltrax@gmail.com - Type: BX1
2026-06-25 12:06:23,593 - Project: Jupiter Hospital - Email: vaibhavis@biltrax.com - Type: BX1
2026-06-25 12:08:05,828 - Project: Jupiter Hospital - Email: vaibhavis@biltrax.com - Type: BX1
2026-06-25 12:14:01,315 - Project: Jupiter Hospital, BKC - Email: vaibhavis@biltrax.com - Type: BX1
2026-06-25 12:17:11,187 - Project: Jupiter Hospital, Mira Road - Email: vaibhavis@biltrax.com - Type: BX1
2026-06-25 12:53:13,846 - Project: JODA Rajmata Vijya Raje Scindia International Convention & Habitat Centre - Email: vaibhavis@biltrax.com - Type: BX1
2026-06-25 14:06:43,288 - Project: AdaniConnex Data Center, Navi Mumbai - Email: komalsasbiltrax@gmail.com - Type: BX1
2026-06-25 14:30:31,391 - Project: MES Mens Barracks, Jabalpur - Email: yashybiltrax@gmail.com - Type: BX1
2026-06-25 14:39:04,979 - Project: PWD New Administrative Building, Parli - Email: yashybiltrax@gmail.com - Type: BX1
2026-06-25 14:39:10,745 - Project: Lucknow Metro Phase 1, Corridor 2 (Thakur Ganj - Vasant Kunj) - Email: shashig@biltrax.com - Type: BX1
2026-06-25 15:38:02,739 - Project: NHAI Four Laning of Gudebellur to Mahabubnagar Section NH 167 - Email: komalsasbiltrax@gmail.com - Type: BX1
2026-06-25 16:51:56,177 - Project: JODA Rajmata Vijya Raje Scindia International Convention & Habitat Centre - Email: vaibhavis@biltrax.com - Type: BX1
2026-06-25 16:55:04,992 - Project: Dholera International Greenfield Airport, Ahmedabad Phase-1A - Email: vikrantc@biltrax.com - Type: BX1
2026-06-25 17:37:49,650 - Project: Dholera International Greenfield Airport, Ahmedabad Phase-1B - Email: vikrantc@biltrax.com - Type: BX1
2026-06-26 09:14:08,667 - Project: VMC VSCL Market Complex & Hotel, Varanasi - Email: yashybiltrax@gmail.com - Type: BX1
2026-06-26 09:18:33,414 - Project: AAI Bihta Airport, Patna - Email: vikrantc@biltrax.com - Type: BX1
2026-06-26 09:28:53,516 - Project: MORTH Construction of Pratapgarh Bypass of Section NH 931 (Balance Work) - Email: komalsasbiltrax@gmail.com - Type: BX1
2026-06-26 09:41:58,023 - Project: CPWD Food Testing Laboratory, Faridabad - Email: yashybiltrax@gmail.com - Type: BX1
2026-06-26 09:45:50,366 - Project: SR Residential, Patighanpur - Email: suchitra@biltrax.com - Type: BX1
2026-06-26 09:55:25,912 - Project: Gaur Chrysalis(Phase 1), Jewar - Email: megha@biltrax.com - Type: BX1
2026-06-26 10:57:11,365 - Project: NBCC Redevelopment of GPRA Colony (Package VC), Sarojini Nagar - Email: megha@biltrax.com - Type: BX1
2026-06-26 11:03:19,520 - Project: Dr. Balabhai Nanavati Hospital, Vile Parle - Email: suchitra@biltrax.com - Type: BX1
2026-06-26 11:19:47,012 - Project: Ebisu Swift, Bangalore - Email: omkarkhatu@biltrax.com - Type: BX1
2026-06-26 11:24:22,149 - Project: Arihant World Villa, Karjat - Email: omkarkhatu@biltrax.com - Type: BX1
2026-06-26 11:31:03,773 - Project: Aryaville Resort By Atmosphere - Email: omkarkhatu@biltrax.com - Type: BX1
2026-06-26 12:04:18,026 - Project: Samskara Resort, Pushkar - Email: omkarkhatu@biltrax.com - Type: BX1
2026-06-26 12:27:34,377 - Project: NHAI Rectification Blackspots at Maharashtra/Karnataka Border - Sangareddy Section of NH 65 - Email: komalsasbiltrax@gmail.com - Type: BX1
2026-06-26 12:33:57,735 - Project: Arihant Aura, Turbhe - Email: omkarkhatu@biltrax.com - Type: BX1
2026-06-26 12:39:13,454 - Project: Kalyani Hotel & Commercial, Arebinnamangala - Email: omkarkhatu@biltrax.com - Type: BX1
2026-06-26 12:45:05,458 - Project: RSB Padmavati Devi Multispeciality Hospital, Adityapur - Email: omkarkhatu@biltrax.com - Type: BX1
2026-06-26 12:59:25,666 - Project: JNPT EIL Office Building Complex, Mallet Bunder - Email: snehakatkarbiltrax@gmail.com - Type: BX1
2026-06-26 14:32:06,082 - Project: AAI Greenfield Domestic Airport (Phase 1), Rajgir - Email: vikrantc@biltrax.com - Type: BX1
2026-06-26 15:39:00,379 - Project: MHADA Residential Tenement Plot R-12A, Siddharth Nagar - Email: rushabhg@biltrax.com - Type: BX1
2026-06-26 16:20:50,603 - Project: Microsoft Data Center PNQ06, Pimpri Chinchwad - Email: shubhamkoltekarbiltrax@gmail.com - Type: BX1
2026-06-26 16:30:09,374 - Project: NRK Rasoma, Indore - Email: snehakatkarbiltrax@gmail.com - Type: BX1
2026-06-26 16:33:32,295 - Project: Unknown Project - Email: saurabhkamble@biltrax.com - Type: BX1
2026-06-26 17:34:31,285 - Project: Zade Saar Residential, Ahmedabad - Email: pratiksha@biltrax.com - Type: BX1
2026-06-26 17:52:18,824 - Project: Wynfra Cybercity, Coimbatore - Email: akshaysultane@biltrax.com - Type: BX1
2026-06-26 17:56:50,155 - Project: Ebisu Swift, Bangalore - Email: akshaysultane@biltrax.com - Type: BX1
2026-06-29 09:47:40,075 - Project: Purvanchal Sunbliss, Noida - Email: megha@biltrax.com - Type: BX1
2026-06-29 09:56:47,886 - Project: UPPCL CM Model Composite School, Ratauti - Email: yashybiltrax@gmail.com - Type: BX1
2026-06-29 10:00:12,474 - Project: CIDCO Urban Renewal Cluster 02 Redevelopment, Kisan Nagar - Email: yashybiltrax@gmail.com - Type: BX1
2026-06-29 10:13:02,650 - Project: Harivishva Skyfinia, Pimpri Chinchwad - Email: komalsasbiltrax@gmail.com - Type: BX1
2026-06-29 10:13:56,837 - Project: CPWD RBI Residential Quarters, Chembur - Email: megha@biltrax.com - Type: BX1
2026-06-29 10:20:49,664 - Project: Namrata 6 Boulevard, Tathawade - Email: rushabhg@biltrax.com - Type: BX1
2026-06-29 10:38:16,529 - Project: CPWD RBI Residential Quarters, Chembur - Email: megha@biltrax.com - Type: BX1
2026-06-29 11:10:42,198 - Project: MVN Mall, Gurgaon - Email: arshil@biltrax.com - Type: BX1
2026-06-29 11:12:43,730 - Project: Yashoda Hospital, Bangalore - Email: arshil@biltrax.com - Type: BX1
2026-06-29 11:14:44,695 - Project: Stanley Hospital, Chennai - Email: arshil@biltrax.com - Type: BX1
2026-06-29 11:26:45,881 - Project: Ahura The Latitude, Kondhwa - Email: komalsasbiltrax@gmail.com - Type: BX1
2026-06-29 11:36:39,024 - Project: AV Radisson Park Inn & Suites, Darbhanga - Email: arshil@biltrax.com - Type: BX1
2026-06-29 11:41:37,980 - Project: Macleods House, Andheri - Email: arshil@biltrax.com - Type: BX1
2026-06-29 11:51:44,305 - Project: SPJ Vedatam, Gurgaon - Email: jagdishbiltrax@gmail.com - Type: BX1
2026-06-29 12:17:44,567 - Project: Philips Healthcare Research & Development Centre, Chinchwad - Email: arshil@biltrax.com - Type: BX1
2026-06-29 12:43:17,057 - Project: Vajram The Ornate, Begumpet - Email: shrikants@biltrax.com - Type: BX1
2026-06-29 12:54:56,879 - Project: Yula Neo, Kokapet - Email: shrikantshirke9768@gmail.com - Type: BX1
2026-06-29 14:43:16,456 - Project: Keshvaa The Wings, Ahmedabad - Email: pratiksha@biltrax.com - Type: BX1
2026-06-29 14:47:00,508 - Project: Siddhashila Fernvale, Baner - Email: pratiksha@biltrax.com - Type: BX1
2026-06-29 15:09:05,590 - Project: Kalpataru Park Riviera - Email: vaibhavis@biltrax.com - Type: BX1
2026-06-29 15:21:13,388 - Project: RBM The Preserve, Newtown - Email: shrikantshirke9768@gmail.com - Type: BX1
2026-06-29 15:34:19,259 - Project: NBCC Redevelopment of GPRA Colony (VIII C), Sarojini Nagar - Email: shrikants@biltrax.com - Type: BX1
2026-06-29 16:44:34,662 - Project: Unknown Project - Email: saurabhkamble@biltrax.com - Type: BX1
2026-06-29 17:07:06,222 - Project: MADCL Civil Enclave, Ratnagiri - Email: shrikants@biltrax.com - Type: BX1
2026-06-29 17:10:34,254 - Project: MADCL Civil Enclave, Ratnagiri - Email: shrikants@biltrax.com - Type: BX1
2026-06-29 17:16:54,226 - Project: Holiday Inn, Amaravati - Email: vikrantc@biltrax.com - Type: BX1
2026-06-29 17:24:26,496 - Project: JNPT EIL Office Building Complex, Mallet Bunder - Email: harsh@biltrax.com - Type: BX1
2026-06-29 17:31:53,925 - Project: Hilton Chennai Egmore, Chennai - Email: harsh@biltrax.com - Type: BX1
2026-06-29 17:35:44,219 - Project: Bren Nautilus, Bangalore - Email: akshaysultane@biltrax.com - Type: BX1
2026-06-29 17:42:01,344 - Project: Wone Royal Nest, Bangalore - Email: akshaysultane@biltrax.com - Type: BX1
2026-06-29 17:45:29,630 - Project: Makana The Elite Hub, Ajmer - Email: akshaysultane@biltrax.com - Type: BX1
2026-06-29 17:48:21,954 - Project: Ekana Mall, Gomti Nagar - Email: sejal13biltrax@gmail.com - Type: BX1
2026-06-29 17:52:45,194 - Project: UPPWD DPUP International Cricket Stadium, Gorakhpur - Email: sejal13biltrax@gmail.com - Type: BX1
2026-06-29 17:53:35,224 - Project: GMR Dr Babasaheb Ambedkar International Airport, Nagpur - Email: rushabhg@biltrax.com - Type: BX1
2026-06-30 10:14:45,417 - Project: PWD NLU Academic and Administrative Block, Narsingarh - Email: yashybiltrax@gmail.com - Type: BX1
2026-06-30 10:20:54,850 - Project: Magarpatta Nobel Hospital, Hadapsar - Email: vikrantc@biltrax.com - Type: BX1
2026-06-30 10:21:11,371 - Project: VMC VSCL Market Complex & Hotel, Varanasi - Email: yashybiltrax@gmail.com - Type: BX1
2026-06-30 11:48:16,103 - Project: Sheetal City Centre, Angul - Email: shubhamu@biltrax.com - Type: BX1
2026-06-30 12:54:56,299 - Project: Srijan The Royal Ganges, Santoshpur - Email: shubhamkoltekarbiltrax@gmail.com - Type: BX1
2026-06-30 15:15:50,620 - Project: Brigade Icon, Chennai - Email: komalsasbiltrax@gmail.com - Type: BX1
2026-06-30 15:28:22,386 - Project: Hyatt House Bengaluru, Devanahalli - Email: arshil@biltrax.com - Type: BX1
2026-06-30 15:29:09,457 - Project: Hyatt House Bengaluru, Devanahalli - Email: arshil@biltrax.com - Type: BX1
2026-06-30 16:08:17,349 - Project: Runwal Raaya, Worli - Email: komalsasbiltrax@gmail.com - Type: BX1
2026-06-30 16:17:11,259 - Project: Umang S9 Sarvoday, Palanpur - Email: shubhamu@biltrax.com - Type: BX1
2026-06-30 16:38:29,546 - Project: Unknown Project - Email: sankalpbiltrax@gmail.com - Type: BX2
2026-06-30 16:58:22,727 - Project: Unknown Project - Email: sankalpbiltrax@gmail.com - Type: BX2
2026-06-30 17:06:35,795 - Project: Conscient Elevate Reserve, Gurgaon - Email: sejal13biltrax@gmail.com - Type: BX1
2026-06-30 17:56:07,290 - Project: RBM The Preserve, Newtown - Email: shrikants@biltrax.com - Type: BX1
2026-07-01 09:32:16,029 - Project: UPPCL CM Model Composite School, Biruni - Email: yashybiltrax@gmail.com - Type: BX1
2026-07-01 10:00:20,277 - Project: Rohan City, Kodailbail - Email: akshaysultane@biltrax.com - Type: BX1
2026-07-01 10:00:24,857 - Project: WAPCOS CBSE Regional Office and Centre of Excellence, Noida - Email: yashybiltrax@gmail.com - Type: BX1
2026-07-01 10:02:37,289 - Project: Lorven Cascade Garden, Bangalore - Email: akshaysultane@biltrax.com - Type: BX1
2026-07-01 10:04:01,411 - Project: Aryan 1 Celeste, Yelahanka New Town - Email: akshaysultane@biltrax.com - Type: BX1
2026-07-01 10:15:48,214 - Project: Sheraton Hotel, Jaipur - Email: harsh@biltrax.com - Type: BX1
2026-07-01 10:39:23,081 - Project: Effotel by Sayaji - Email: shrikantshirke9768@gmail.com - Type: BX1
2026-07-01 11:56:14,822 - Project: CIDCO Maha Avas Housing Scheme, CBD Belapur - Email: jagdishbiltrax@gmail.com - Type: BX1
2026-07-01 12:19:04,735 - Project: HSCL Eklavya Model Residential School, Laxmipur - Email: shashig@biltrax.com - Type: BX1
2026-07-01 14:23:40,842 - Project: W Hotel, Delhi - Email: sejal13biltrax@gmail.com - Type: BX1
2026-07-01 14:43:57,716 - Project: Ahura The Latitude, Kondhwa - Email: komalsasbiltrax@gmail.com - Type: BX1
2026-07-01 14:44:01,474 - Project: Ahura The Latitude, Kondhwa - Email: komalsasbiltrax@gmail.com - Type: BX1
2026-07-01 15:33:52,041 - Project: UPPWD Hospital & Trauma Centre, Mahoba - Email: prashant@biltrax.com - Type: BX1
2026-07-01 16:49:41,796 - Project: Sree Balajee Altis, Visakhapatnam - Email: akshaysultane@biltrax.com - Type: BX1
2026-07-01 17:17:08,316 - Project: Phoenix Thoth Mall, Surat - Email: shubhamkoltekarbiltrax@gmail.com - Type: BX1
2026-07-02 09:30:23,920 - Project: HSCL Eklavya Model Residential School (EMRS), Subhadrapur - Email: yashybiltrax@gmail.com - Type: BX1
2026-07-02 09:34:41,616 - Project: DTC Multi-Level Bus Depot, Hari Nagar - Email: yashybiltrax@gmail.com - Type: BX1
2026-07-02 10:16:50,182 - Project: T & T Eutopia, Ghaziabad - Email: komalsasbiltrax@gmail.com - Type: BX1
2026-07-02 12:17:36,824 - Project: Sanghvi The Orchids, Bavdhan - Email: komalsasbiltrax@gmail.com - Type: BX1
2026-07-02 15:00:57,676 - Project: Archish Residential, Dommasandra - Email: komalsasbiltrax@gmail.com - Type: BX1
2026-07-02 16:13:57,574 - Project: Precious Residential Project, Bhiwandi - Email: komalsasbiltrax@gmail.com - Type: BX1
2026-07-02 16:33:30,058 - Project: Siddha Sky, Wadala (Sion Koliwada) - Email: vikrantc@biltrax.com - Type: BX1
2026-07-02 16:35:09,829 - Project: CPWD IIT Academic Block, Jodhpur - Email: kunalbiltrax03@gmail.com - Type: BX1
2026-07-02 16:43:01,334 - Project: Dhuleva One50, Malabar - Email: komalsasbiltrax@gmail.com - Type: BX1
2026-07-02 16:51:49,728 - Project: IIT Jodhpur Expansion, Jodhpur - Email: kunalbiltrax03@gmail.com - Type: BX1
2026-07-02 17:09:56,958 - Project: Balaji Oriana World, Tathawade - Email: shrikants@biltrax.com - Type: BX1
2026-07-02 17:11:16,832 - Project: HSCL DMER Government Medical College & Hospital, Parbhani - Email: harsh@biltrax.com - Type: BX1
2026-07-02 17:14:40,215 - Project: OBCC MKCG Medical College & Hospital, Berhampur - Email: harsh@biltrax.com - Type: BX1
2026-07-02 17:39:54,742 - Project: Jupiter Hospital, BKC - Email: shrikants@biltrax.com - Type: BX1
2026-07-02 17:42:13,161 - Project: Shree Khodaldham Cancer Hospital, Amreli - Email: shrikantshirke9768@gmail.com - Type: BX1
2026-07-02 17:53:16,920 - Project: Archi Raghav Residency, Udaipur - Email: akshaysultane@biltrax.com - Type: BX1
2026-07-02 18:00:25,060 - Project: Prestige ABIL Residential Project, Versova - Email: shrikants@biltrax.com - Type: BX1
2026-07-03 09:40:02,876 - Project: VTP Altamira, Pune - Email: komalsasbiltrax@gmail.com - Type: BX1
2026-07-03 09:44:05,223 - Project: PWD Krishi Bhavan and Laboratory Building, Shahnoorwadi - Email: yashybiltrax@gmail.com - Type: BX1
2026-07-03 10:07:18,198 - Project: PMDA World Class Shooting Range, Panchkula - Email: yashybiltrax@gmail.com - Type: BX1
2026-07-03 10:55:53,943 - Project: Infinium Lotus Meadows, Coimbatore - Email: akshaysultane@biltrax.com - Type: BX1
2026-07-03 10:58:02,427 - Project: Bhandary Vertica, Mangalore - Email: akshaysultane@biltrax.com - Type: BX1
2026-07-03 11:04:59,780 - Project: Vasudharini Nest, Bangalore - Email: akshaysultane@biltrax.com - Type: BX1
2026-07-03 11:33:03,406 - Project: MORTH Bile to Migging Section of NH 913 (Package 3) - Email: komalsasbiltrax@gmail.com - Type: BX1
2026-07-03 13:57:39,423 - Project: Elan Imperial, Gurgaon - Email: megha@biltrax.com - Type: BX1
2026-07-03 14:42:53,558 - Project: MET Bhujbal Knowledge City, Sanpada - Email: shubhamu@biltrax.com - Type: BX1
2026-07-03 14:48:26,703 - Project: World Trade Centre, Gurgaon - Email: janhavibiltrax30@gmail.com - Type: BX1
2026-07-03 14:49:55,072 - Project: Gera Kumar Megapolis Joy On The Tree Tops, Hinjewadi - Email: shrikants@biltrax.com - Type: BX1
2026-07-03 15:05:12,199 - Project: Arihant Residential, Perungudi - Email: vikrantc@biltrax.com - Type: BX1
2026-07-03 15:21:31,021 - Project: Civitech Santoni - Email: shubhamkoltekarbiltrax@gmail.com - Type: BX1
2026-07-03 16:18:47,313 - Project: RDB Anekant Orbit Urban Park - Email: shubhamkoltekarbiltrax@gmail.com - Type: BX1
2026-07-03 16:27:41,271 - Project: Nisarg Morya Skydale, Thergaon - Email: shubhamu@biltrax.com - Type: BX1
2026-07-03 17:22:45,813 - Project: Bhandari 54 Flores Drive, Hadapsar - Email: harsh@biltrax.com - Type: BX1
2026-07-03 17:23:46,554 - Project: Civitech Santoni, Greater Noida - Email: shubhamkoltekarbiltrax@gmail.com - Type: BX1
2026-07-03 17:44:22,299 - Project: Kamdhenu The Altira, Pune - Email: janhavibiltrax30@gmail.com - Type: BX1
2026-07-03 17:46:48,823 - Project: Kamdhenu The Lumina, Pune - Email: janhavibiltrax30@gmail.com - Type: BX1
2026-07-03 17:54:21,398 - Project: Vatika Footfalls, Gurgaon - Email: shrikants@biltrax.com - Type: BX1
2026-07-03 18:14:07,084 - Project: Vajram Residential, Kogilu - Email: akshaysultane@biltrax.com - Type: BX1
2026-07-04 09:29:25,317 - Project: Gera Kumar Megapolis Joy On The Tree Tops, Hinjewadi - Email: komalsasbiltrax@gmail.com - Type: BX1
2026-07-04 09:30:34,000 - Project: MES Married Accommodation, Mandapam Camp - Email: yashy@biltrax.com - Type: BX1
2026-07-04 09:42:00,765 - Project: Kumar Mangrove, Goregaon - Email: yashy@biltrax.com - Type: BX1
2026-07-04 09:49:31,259 - Project: Arihant Residential, Perungudi - Email: shubhamkoltekarbiltrax@gmail.com - Type: BX1
2026-07-04 09:51:59,674 - Project: CtrlS Data Center, Rambilli - Email: janhavibiltrax30@gmail.com - Type: BX1
2026-07-04 09:52:04,284 - Project: CtrlS Data Center, Rambilli - Email: janhavibiltrax30@gmail.com - Type: BX1
2026-07-04 11:29:43,240 - Project: Bengal Peerless Trayam, Newtown - Email: shubhamkoltekarbiltrax@gmail.com - Type: BX1
2026-07-04 11:47:58,239 - Project: Phoenix Marketcity Expansion, Bangalore - Email: shubhamkoltekarbiltrax@gmail.com - Type: BX1
2026-07-04 12:14:21,178 - Project: MGSAMT Redevelopment of Sabarmati Ashram, Ahmedabad - Email: shrikants@biltrax.com - Type: BX1
2026-07-04 12:25:42,685 - Project: Hyatt House Bengaluru, Devanahalli - Email: shubhamkoltekarbiltrax@gmail.com - Type: BX1
2026-07-04 12:27:12,765 - Project: HSCL RBI Residential Quarters, Curca - Email: shrikantshirke9768@gmail.com - Type: BX1
2026-07-04 12:36:50,519 - Project: Purple House, Gurgaon - Email: shubhamu@biltrax.com - Type: BX1
2026-07-04 15:05:48,417 - Project: Lemon Tree Hotel, Surat - Email: shrikants@biltrax.com - Type: BX1
2026-07-04 15:35:58,416 - Project: Mahidhara Residential, Patancheru - Email: megha@biltrax.com - Type: BX1
2026-07-04 16:52:29,151 - Project: Life Milan World Mall, Angul - Email: snehakatkarbiltrax@gmail.com - Type: BX1
2026-07-04 16:58:48,376 - Project: 108 Bhutani Grandthum, Noida - Email: vaibhavis@biltrax.com - Type: BX1
2026-07-04 18:33:04,592 - Project: Vivanta Hotel, Vellore - Email: harsh@biltrax.com - Type: BX1
2026-07-04 18:36:03,689 - Project: Ginger Hotel, Bommasandra - Email: harsh@biltrax.com - Type: BX1
2026-07-06 11:26:00,295 - Project: BCD Jharkhand Bhawan, Vashi - Email: tushar@biltrax.com - Type: BX1
2026-07-06 12:58:53,326 - Project: Brigade Cornerstone Utopia, Gunjur - Email: megha@biltrax.com - Type: BX1
2026-07-06 14:10:09,891 - Project: Unknown Project - Email: megha@biltrax.com - Type: BX2
2026-07-06 17:55:39,987 - Project: TIDCO Fintech Tower, Nandambakkam - Email: kunalbiltrax123@gamil.com - Type: BX1
2026-07-06 17:56:30,043 - Project: Eeshanya Aaroha, Hosakote - Email: akshaysbiltrax@gmail.com - Type: BX1
2026-07-06 17:58:18,587 - Project: Amity University Expansion, Panvel - Email: snehakatkarbiltrax@gmail.com - Type: BX1
2026-07-07 09:53:13,873 - Project: Phoenix Rise, Lower Parel - Email: shubhamu@biltrax.com - Type: BX1
2026-07-07 09:57:27,798 - Project: Arihant Seasons, Greater Noida - Email: megha@biltrax.com - Type: BX1
2026-07-07 10:44:02,649 - Project: Arihant Seasons, Greater Noida - Email: megha@biltrax.com - Type: BX1
2026-07-07 10:46:14,855 - Project: Arihant Seasons, Greater Noida - Email: megha@biltrax.com - Type: BX1
2026-07-07 11:18:39,375 - Project: Vajram The Ornate, Begumpet - Email: shubhamkoltekarbiltrax@gmail.com - Type: BX1
2026-07-07 11:35:42,651 - Project: Shri Vinayaka SVG Golf Avenue, Greater Noida - Email: shubhamkoltekarbiltrax@gmail.com - Type: BX1
2026-07-07 12:00:20,963 - Project: AIPL Joy District, Gurgaon - Email: janhavibiltrax30@gmail.com - Type: BX1
2026-07-07 12:10:33,555 - Project: Godrej Zenith, Gurgaon - Email: janhavibiltrax30@gmail.com - Type: BX1
2026-07-07 12:10:38,656 - Project: Godrej Zenith, Gurgaon - Email: janhavibiltrax30@gmail.com - Type: BX1
2026-07-07 12:11:42,947 - Project: APCRDA Secretariat & HoD Offices (GAD Tower 5) - Email: shubhamkoltekarbiltrax@gmail.com - Type: BX1
2026-07-07 12:49:49,285 - Project: Phoenix Rise, Lower Parel - Email: shubhamkoltekarbiltrax@gmail.com - Type: BX1
2026-07-07 12:51:34,821 - Project: Roseate Hotel, Jewar - Email: megha@biltrax.com - Type: BX1
2026-07-07 13:57:55,204 - Project: Max Hospital, Lucknow - Email: megha@biltrax.com - Type: BX1
2026-07-07 14:22:52,342 - Project: NBCC ICAI Office Building, Raipur - Email: yashybiltrax@gmail.com - Type: BX1
2026-07-07 14:32:42,049 - Project: NBCC NHB International Potato Centre, Agra - Email: yashybiltrax@gmail.com - Type: BX1
2026-07-07 14:43:06,922 - Project: Jayabharath Elanza, Madurai - Email: yashybiltrax@gmail.com - Type: BX1
2026-07-07 15:11:07,820 - Project: Arttech The Story House, Gurgaon - Email: yashybiltrax@gmail.com - Type: BX1
2026-07-07 15:13:38,536 - Project: Vista Palencia, Nabha - Email: yashybiltrax@gmail.com - Type: BX1
2026-07-07 15:15:18,902 - Project: SBP Olympia, Zirakpur - Email: yashybiltrax@gmail.com - Type: BX1
2026-07-07 15:17:03,843 - Project: Silver Vasudev Heights, Virar - Email: yashybiltrax@gmail.com - Type: BX1
2026-07-07 15:18:47,489 - Project: Yashvi Antriksh, Nalasopara - Email: yashybiltrax@gmail.com - Type: BX1
2026-07-07 16:27:17,413 - Project: Suryakant Sarvatra, Kothrud - Email: snehakatkarbiltrax@gmail.com - Type: BX1
2026-07-07 16:46:20,511 - Project: CPWD Supreme Court Expansion, New Delhi - Email: kunalbiltrax03@gmail.com - Type: BX1
2026-07-07 16:57:03,823 - Project: Kodai Heights Hotel, Dindigul - Email: suryas@biltrax.com - Type: BX1
2026-07-07 16:57:45,423 - Project: Kodai Heights Hotel, Dindigul - Email: suryas@biltrax.com - Type: BX1
2026-07-07 16:58:50,497 - Project: Myhna Orchid, Gunjur - Email: akshaysbiltrax@gmail.com - Type: BX1
2026-07-07 17:08:21,892 - Project: KPC Medical College and Hospital Phase 2, Kolkata - Email: suryas@biltrax.com - Type: BX1
2026-07-07 17:29:25,154 - Project: Aditya Nexus Tech Park - Email: saurabhkamble@biltrax.com - Type: BX1
2026-07-07 17:31:59,554 - Project: Sri Soho Residences, Hyderabad - Email: shrikants@biltrax.com - Type: BX1
2026-07-07 18:01:32,681 - Project: Brigade Gateway, Hyderabad - Email: harsh@biltrax.com - Type: BX1
2026-07-07 18:09:28,177 - Project: Anant Raj Data Centre, Rai - Email: harsh@biltrax.com - Type: BX1
2026-07-07 18:11:55,770 - Project: Vora Mixed Use Development, Malad - Email: harsh@biltrax.com - Type: BX1
2026-07-07 18:18:39,516 - Project: Muttha Towers II (Commercial/IT/ITES), Yerawada - Email: harsh@biltrax.com - Type: BX1
2026-07-07 18:23:13,027 - Project: Platinum 9 World Tower, Wakad - Email: harsh@biltrax.com - Type: BX1
2026-07-07 18:28:49,864 - Project: Suraj One Business Bay, Mahim - Email: harsh@biltrax.com - Type: BX1
2026-07-07 18:34:19,022 - Project: Kundan Wyng, Pune - Email: harsh@biltrax.com - Type: BX1
2026-07-07 18:39:18,042 - Project: Flora Headquarters Primo One, Kalina - Email: harsh@biltrax.com - Type: BX1
2026-07-07 18:39:57,739 - Project: Geeta 24 Wallstreet, Pimpri - Chinchwad - Email: harsh@biltrax.com - Type: BX1
2026-07-07 18:44:14,412 - Project: Mont Vert Axis, Bavdhan Budruk - Email: harsh@biltrax.com - Type: BX1
2026-07-07 18:48:01,321 - Project: Dream 24 High Zennith, Andheri - Email: harsh@biltrax.com - Type: BX1
2026-07-07 18:48:22,356 - Project: Dream 24 High Zennith, Andheri - Email: harsh@biltrax.com - Type: BX1
2026-07-07 18:48:53,256 - Project: Dream 24 High Zennith, Andheri - Email: harsh@biltrax.com - Type: BX1
2026-07-08 09:20:13,146 - Project: Ycon Platinum Heights, Gurgaon - Email: megha@biltrax.com - Type: BX1
2026-07-08 09:56:51,370 - Project: Lodha Green Data Centre Park, Thane - Email: megha@biltrax.com - Type: BX1
2026-07-08 10:40:14,130 - Project: Gillco Meraqui, Mohali - Email: vikrantc@biltrax.com - Type: BX1
2026-07-08 11:31:52,603 - Project: PWD Court Building, Titabar - Email: yashy@biltrax.com - Type: BX1
2026-07-08 11:38:04,033 - Project: MES Dwelling Units, Danapur - Email: yashy@biltrax.com - Type: BX1
2026-07-08 11:46:33,526 - Project: WAPCOS IIM Mumbai Campus (Phase 1), Powai - Email: yashy@biltrax.com - Type: BX1
2026-07-08 12:03:43,989 - Project: Trendcon Aurelius, Varthur - Email: komalsasbiltrax@gmail.com - Type: BX1
2026-07-08 12:27:39,877 - Project: Marriott Sheraton Hotel, Jaipur - Email: harsh@biltrax.com - Type: BX1
2026-07-08 12:31:05,435 - Project: Jain Ashapuri Eisha Garnet, Pune - Email: komalsasbiltrax@gmail.com - Type: BX1
2026-07-08 12:52:56,332 - Project: Tharwani Vedant Nakshatra, Badlapur - Email: vikrantc@biltrax.com - Type: BX1
2026-07-08 14:03:42,690 - Project: Sumadhura Palais Royale - Email: shrikants@biltrax.com - Type: BX1
2026-07-08 14:11:01,220 - Project: Marriott Hotel, Sriperumbudur - Email: harsh@biltrax.com - Type: BX1
2026-07-08 17:19:18,389 - Project: Marriott Sheraton Hotel, Chakkai - Email: janhavim@biltrax.com - Type: BX1
2026-07-08 17:22:45,277 - Project: Max Eqova Hospital, Patparganj - Email: sejal13biltrax@gmail.com - Type: BX1
2026-07-08 17:23:21,529 - Project: Taj Comfort Sankalp Resort, Kevadia - Email: janhavim@biltrax.com - Type: BX1
2026-07-08 17:26:09,794 - Project: Anantara Kolkata Hotel, Salt Lake - Email: janhavim@biltrax.com - Type: BX1
2026-07-08 17:45:09,577 - Project: Iconica Nitesh Park Avenue, Bangalore - Email: akshaysbiltrax@gmail.com - Type: BX1
2026-07-09 09:38:18,824 - Project: CPWD IICA Permanent Campus (Package-II), Shillong - Email: yashybiltrax@gmail.com - Type: BX1
2026-07-09 09:54:53,977 - Project: College of Food Technology - Email: yashybiltrax@gmail.com - Type: BX1
2026-07-09 11:02:43,116 - Project: ST Telemedia AI Data Centre, Meerkhanpet - Email: shashig@biltrax.com - Type: BX1
2026-07-09 11:22:55,199 - Project: Godrej Regal Pavilion, Hyderabad - Email: vikrantc@biltrax.com - Type: BX1
2026-07-09 11:34:12,175 - Project: Godrej Madison Avenue, Kokapet - Email: vikrantc@biltrax.com - Type: BX1
2026-07-09 12:04:54,651 - Project: Adani Hospital, New Town - Email: vikrantc@biltrax.com - Type: BX1
2026-07-09 12:46:56,752 - Project: HITES Women and Child Hospital Block, Thiruvananthapuram - Email: jagdishbiltrax@gmail.com - Type: BX1
2026-07-09 13:00:22,534 - Project: Sterling Brookstone Coorg - Email: snehakatkarbiltrax@gmail.com - Type: BX1
2026-07-09 14:17:29,000 - Project: K Raheja & Brookfield TOD Mall and Commercial Development, Hyderabad - Email: shubhamkoltekarbiltrax@gmail.com - Type: BX1
2026-07-09 15:41:32,679 - Project: Reliance Commercial Development, Chembur - Email: harsh@biltrax.com - Type: BX1
2026-07-09 15:42:20,766 - Project: Reliance Commercial Development, Chembur - Email: harsh@biltrax.com - Type: BX1
2026-07-09 16:17:52,769 - Project: Runwal Nishitetsu Commercial, Kurla - Email: shubhamu@biltrax.com - Type: BX1
2026-07-09 16:26:25,048 - Project: Damji Shamji Galleria, Thane - Email: shubhamu@biltrax.com - Type: BX1
2026-07-09 16:56:08,977 - Project: Unknown Project - Email: sankalpbiltrax@gmail.com - Type: BX2
2026-07-09 17:50:17,335 - Project: Azim Premji University, Ranchi - Email: shubhamkoltekarbiltrax@gmail.com - Type: BX1
2026-07-10 09:12:44,447 - Project: Holiday Inn, Ujjain - Email: shubhamkoltekarbiltrax@gmail.com - Type: BX1
2026-07-10 09:22:35,770 - Project: Sumadhura Pramoda, Bangalore - Email: megha@biltrax.com - Type: BX1
2026-07-10 09:23:18,926 - Project: APCRDA Secretariat & HoD Offices (GAD Tower 5), Amaravati - Email: shubhamkoltekarbiltrax@gmail.com - Type: BX1
2026-07-10 09:34:20,927 - Project: Sankalp Spectrum 21, Jaipur - Email: megha@biltrax.com - Type: BX1
2026-07-10 09:39:05,626 - Project: PWD Court Building, Dibrugarh - Email: yashybiltrax@gmail.com - Type: BX1
2026-07-10 09:42:16,992 - Project: CPWD NCERT Central Administrative Building, New Delhi - Email: yashybiltrax@gmail.com - Type: BX1
2026-07-10 10:04:05,650 - Project: DLF The Arbour, Gurgaon - Email: megha@biltrax.com - Type: BX1
2026-07-10 10:20:12,326 - Project: Emaar India Business Centre, Gurgaon - Email: megha@biltrax.com - Type: BX1
2026-07-10 12:46:14,670 - Project: Kashish Manor One, Gurgaon - Email: omkarkhatu@biltrax.com - Type: BX1
2026-07-10 12:53:34,100 - Project: Aastha ATC Ultima, Jamshedpur - Email: shashig@biltrax.com - Type: BX1
2026-07-10 13:55:11,394 - Project: Fairfield by Marriott, Rajkot - Email: snehakatkarbiltrax@gmail.com - Type: BX1
2026-07-10 14:36:19,341 - Project: Taj Safaris lodge, Satpura - Email: janhavibiltrax30@gmail.com - Type: BX1
2026-07-10 14:47:30,847 - Project: Wyndham Garden, Khajuraho - Email: janhavibiltrax30@gmail.com - Type: BX1
2026-07-10 15:02:38,034 - Project: Samanvay Aurantis, Jaipur - Email: shubhamu@biltrax.com - Type: BX1
2026-07-10 15:45:44,667 - Project: NIT Super Speciality Hospital & Institute Block, Indora - Email: prashant@biltrax.com - Type: BX1
2026-07-10 15:54:42,060 - Project: SKS Midtown, Jaipur - Email: shubhamu@biltrax.com - Type: BX1
2026-07-10 16:06:09,050 - Project: Sunrise Jewels, Turbhe - Email: prashant@biltrax.com - Type: BX1
2026-07-10 17:25:39,167 - Project: Accor Surya Novotel, Bhopal - Email: janhavibiltrax30@gmail.com - Type: BX1
2026-07-10 17:34:28,070 - Project: MAQ Software IT Campus, Noida - Email: jagdishbiltrax@gmail.com - Type: BX1
2026-07-10 17:42:38,182 - Project: UPPWD DPUP Deep Tech U-Hub Building, Noida - Email: jagdishbiltrax@gmail.com - Type: BX1
2026-07-13 09:29:33,110 - Project: MES Technical Buildings, Deesa - Email: yashybiltrax@gmail.com - Type: BX1
2026-07-13 09:33:42,129 - Project: HFWD NHM Sub District Hospital, Desuri - Email: yashybiltrax@gmail.com - Type: BX1
2026-07-13 09:33:51,715 - Project: Casagrand Osaka, Chennai - Email: komalsasbiltrax@gmail.com - Type: BX1
2026-07-13 09:43:10,897 - Project: Puravankara Residential, Anekal - Email: suchitra@biltrax.com - Type: BX1
2026-07-13 09:43:17,430 - Project: Yashvi Antriksh, Nalasopara - Email: yashybiltrax@gmail.com - Type: BX1
2026-07-13 09:47:51,171 - Project: Emaar Serenity Hills, Gurgaon - Email: yashybiltrax@gmail.com - Type: BX1
2026-07-13 09:51:08,462 - Project: Srias Residential, Kukatpally - Email: suchitra@biltrax.com - Type: BX1
2026-07-13 10:02:11,327 - Project: Riverdale Aerovista, Zirakpur - Email: yashybiltrax@gmail.com - Type: BX1
2026-07-13 10:10:31,967 - Project: Nyra Rajshree Complex - Email: yashybiltrax@gmail.com - Type: BX1
2026-07-13 10:12:06,352 - Project: Archi Aishwarya, Udaipur - Email: yashybiltrax@gmail.com - Type: BX1
2026-07-13 10:15:11,175 - Project: NS Avani Signature Floors, Sohna - Email: yashybiltrax@gmail.com - Type: BX1
2026-07-13 10:17:37,800 - Project: Royal Armaan Heights, Kharar - Email: yashybiltrax@gmail.com - Type: BX1
2026-07-13 10:25:54,562 - Project: Pamnani Residential Project, Tathawade - Email: komalsasbiltrax@gmail.com - Type: BX1
2026-07-13 10:27:50,681 - Project: YM Ashwin One Marina, Marine Lines - Email: suchitra@biltrax.com - Type: BX1
2026-07-13 10:52:13,990 - Project: MMRDA Global Capability Centre, Powai - Email: harsh@biltrax.com - Type: BX1
2026-07-13 12:21:21,958 - Project: Greenscape Cyber Square, Nerul - Email: prashant@biltrax.com - Type: BX1
2026-07-13 12:26:59,153 - Project: AVS & Nakshatr High Street, Ghaziabad - Email: shashig@biltrax.com - Type: BX1
2026-07-13 14:13:40,041 - Project: Shreegyanrupa Altus Business Park, Indore - Email: shubhamu@biltrax.com - Type: BX1
2026-07-13 14:25:08,791 - Project: Cliffton Morya Business Park, Indore - Email: shubhamu@biltrax.com - Type: BX1
2026-07-13 15:38:44,083 - Project: Avirat Panoreeva Greens, Nigdi - Email: pratiksha@biltrax.com - Type: BX1
2026-07-13 15:44:39,513 - Project: Namrata 6 Boulevard, Tathawade - Email: komalsasbiltrax@gmail.com - Type: BX1
2026-07-13 16:10:57,502 - Project: Auro Shayonam, Vadodara - Email: shubhamu@biltrax.com - Type: BX1
2026-07-13 16:12:34,498 - Project: Ganesh Malabar Retreat, Ahmedabad - Email: shubhamu@biltrax.com - Type: BX1
2026-07-13 16:14:05,433 - Project: Bhagwat Oxyview, Ahmedabad - Email: shubhamu@biltrax.com - Type: BX1
2026-07-13 16:19:08,844 - Project: Vihal Grassfield By Aranya, Vadodara - Email: shubhamu@biltrax.com - Type: BX1
2026-07-13 16:22:18,292 - Project: DoubleTree by Hilton Malaxmi One, Amaravati - Email: harsh@biltrax.com - Type: BX1
2026-07-13 16:33:37,994 - Project: Kirloskar Infinia IT Park Phase 2, Kothrud - Email: harsh@biltrax.com - Type: BX1
2026-07-13 16:34:28,698 - Project: Navi Mumbai Greenfield International Airport - Email: suchitra@biltrax.com - Type: BX1
2026-07-13 16:42:55,293 - Project: NBCC RIICO Rajasthan Mandapam Complex (Package 1), Jaipur - Email: omkarkhatu@biltrax.com - Type: BX1
2026-07-13 17:05:12,444 - Project: Hilton Chennai Egmore, Chennai - Email: harsh@biltrax.com - Type: BX1
2026-07-13 17:45:09,454 - Project: C21 Paradise, Indore - Email: janhavibiltrax30@gmail.com - Type: BX1
2026-07-13 17:47:22,052 - Project: HD India International Horticulture Market, Ganaur - Email: harsh@biltrax.com - Type: BX1
2026-07-13 18:00:15,409 - Project: Sri Soho Residences, Hyderabad - Email: akshaysbiltrax@gmail.com - Type: BX1
2026-07-13 18:11:26,203 - Project: Adarsh Primrose, Gujur - Email: akshaysbiltrax@gmail.com - Type: BX1
2026-07-13 18:14:22,926 - Project: Okay Plus Emporium, Jaipur - Email: akshaysbiltrax@gmail.com - Type: BX1
2026-07-14 09:22:14,810 - Project: NBCC NHB International Potato Centre, Agra - Email: yashy@biltrax.com - Type: BX1
2026-07-14 09:26:21,138 - Project: Elan The Emperor, Gurgaon - Email: komalsasbiltrax@gmail.com - Type: BX1
2026-07-14 09:34:14,115 - Project: UPPCL PG Hostel Building, Gorakhpur - Email: yashy@biltrax.com - Type: BX1
2026-07-14 09:36:12,173 - Project: Panchshil 57 Avenue, Mundhwa - Email: komalsasbiltrax@gmail.com - Type: BX1
2026-07-14 09:41:56,034 - Project: Jones Commercial, Guduvancheri - Email: vikrantc@biltrax.com - Type: BX1
2026-07-14 10:16:05,115 - Project: MPIDC ITPO Convention and Exhibition Centre, Satgarhi - Email: harsh@biltrax.com - Type: BX1
2026-07-14 10:52:50,208 - Project: Nyati Eudora, Pune - Email: komalsasbiltrax@gmail.com - Type: BX1
2026-07-14 11:37:06,942 - Project: HLL Critical Care Block, Alappuzha - Email: jagdishbiltrax@gmail.com - Type: BX1
2026-07-14 11:57:03,343 - Project: Nicco Aishwarya Optima, Mulund - Email: vikrantc@biltrax.com - Type: BX1
2026-07-14 11:57:10,346 - Project: Nicco Aishwarya Optima, Mulund - Email: vikrantc@biltrax.com - Type: BX1
2026-07-14 12:13:36,049 - Project: Rohan Adira, Thane - Email: komalsasbiltrax@gmail.com - Type: BX1
2026-07-14 12:48:41,874 - Project: Antriksh GYGY Mentis - Email: shubhamkoltekarbiltrax@gmail.com - Type: BX1
2026-07-14 12:54:11,269 - Project: Sarena Iris Prime, Ghaziabad - Email: megha@biltrax.com - Type: BX1
2026-07-14 16:03:58,373 - Project: LDA Lake View Apartment, Viraj Khand - Email: kashishubiltrax@gmail.com - Type: BX1
2026-07-14 16:09:26,309 - Project: LDA Library and Residential Building, Hasanganj - Email: kashishubiltrax@gmail.com - Type: BX1
2026-07-14 16:13:02,365 - Project: LDA Park View Apartment, Basantkunj - Email: kashishubiltrax@gmail.com - Type: BX1
2026-07-14 16:17:34,175 - Project: LDA Aishbagh Square Apartment, Aishbagh - Email: kashishubiltrax@gmail.com - Type: BX1
2026-07-14 16:28:42,119 - Project: LDA Narmada Apartment, Gomti Nagar - Email: kashishubiltrax@gmail.com - Type: BX1
2026-07-15 09:12:04,498 - Project: Poorvi Estella, Mangalore - Email: akshaysbiltrax@gmail.com - Type: BX1
2026-07-15 09:14:14,287 - Project: Meenakshi High Life Towers, Jakkur - Email: akshaysbiltrax@gmail.com - Type: BX1
2026-07-15 09:28:57,202 - Project: HIMUDA Housing Colony, Mohli - Email: yashybiltrax@gmail.com - Type: BX1
2026-07-15 09:37:28,338 - Project: IRCON MSME Technology Centre, Ambala - Email: yashybiltrax@gmail.com - Type: BX1
2026-07-15 09:53:22,778 - Project: Urbanest Eastfield, Bangalore - Email: komalsasbiltrax@gmail.com - Type: BX1
2026-07-15 12:29:22,358 - Project: Bharti Angelica, Aerocity - Email: tushar@biltrax.com - Type: BX1
2026-07-15 12:34:55,780 - Project: Royal Cinnamon Citadel, Bangalore - Email: akshaysbiltrax@gmail.com - Type: BX1
2026-07-15 14:17:26,578 - Project: CPWD NCERT Auditorium, New Delhi - Email: omkarkhatu@biltrax.com - Type: BX1
2026-07-15 14:23:00,111 - Project: DDA District Centre MLCP, New Delhi - Email: omkarkhatu@biltrax.com - Type: BX1
2026-07-15 14:24:46,512 - Project: CPWD ICPS Institutional Building, New Delhi - Email: omkarkhatu@biltrax.com - Type: BX1
2026-07-15 14:29:06,008 - Project: CPWD Redevelopment of GPRA Colony (Phase-I), Kasturba Nagar - Email: omkarkhatu@biltrax.com - Type: BX1
2026-07-15 14:32:34,632 - Project: Redevelopment of Assam Bhawan, New Delhi - Email: omkarkhatu@biltrax.com - Type: BX1
2026-07-15 14:37:24,955 - Project: Central Vista - Executive Enclave, New Delhi - Email: omkarkhatu@biltrax.com - Type: BX1
2026-07-15 15:02:12,467 - Project: Satya Levante Residences, Gurgaon - Email: megha@biltrax.com - Type: BX1
2026-07-15 15:02:38,832 - Project: Satya Levante Residences, Gurgaon - Email: megha@biltrax.com - Type: BX1
2026-07-15 15:34:11,964 - Project: CGMSC New Physiotherapy College, Bilaspur - Email: nidhi@biltrax.com - Type: BX1
2026-07-15 15:42:13,816 - Project: CGMSC CIMS Various Buildings, Koni - Email: nidhi@biltrax.com - Type: BX1
2026-07-15 15:42:46,537 - Project: Max Commercial Colony, Gurgaon - Email: sejal13biltrax@gmail.com - Type: BX1
2026-07-15 15:47:12,357 - Project: AHIDMS Centre of Excellence, Guwahati - Email: nidhi@biltrax.com - Type: BX1
2026-07-15 16:10:00,443 - Project: Mumbai Metro Line 8 (CSIA - NMIA) - Email: vaibhavis@biltrax.com - Type: BX1
2026-07-15 16:33:45,667 - Project: Adani LinkBay Residencies (Codename Westbay), Andheri - Email: yashybiltrax@gmail.com - Type: BX1
2026-07-15 17:36:20,709 - Project: VMC Namo Banaras Saree Kendra, Varanasi - Email: nidhi@biltrax.com - Type: BX1
2026-07-15 17:38:00,598 - Project: Unknown Project - Email: sankalpbiltrax@gmail.com - Type: BX2
2026-07-15 17:53:38,785 - Project: Tricity Heritage, Panvel - Email: gauravimusalebiltrax@gmail.com - Type: BX1
2026-07-15 17:55:36,674 - Project: Adarsh Lumina, Halanayakanahalli - Email: gauravimusalebiltrax@gmail.com - Type: BX1
2026-07-16 09:33:52,854 - Project: HPPWD Mother Child Hospital, Jol sappar - Email: yashybiltrax@gmail.com - Type: BX1
2026-07-16 09:34:12,901 - Project: Mahagun Medalleo, Noida - Email: komalsasbiltrax@gmail.com - Type: BX1
2026-07-16 09:45:06,533 - Project: IRCON MSME Technology Centre, Jhansi - Email: yashybiltrax@gmail.com - Type: BX1
2026-07-16 10:05:00,599 - Project: NHAI Bhandara City Section of NH 53 - Email: komalsasbiltrax@gmail.com - Type: BX1
2026-07-16 10:08:54,140 - Project: MSIDC Interchange at Dwarka Chowk - Email: komalsasbiltrax@gmail.com - Type: BX1
2026-07-16 10:20:42,372 - Project: AAI Brownfield Domestic Airport, Muzaffarpur - Email: vikrantc@biltrax.com - Type: BX1
2026-07-16 10:28:17,156 - Project: Accor Hotel, Indore - Email: vaibhavis@biltrax.com - Type: BX1
2026-07-16 10:37:42,834 - Project: Courtyard By Marriott, Chennai - Email: vikrantc@biltrax.com - Type: BX1
2026-07-16 10:42:31,458 - Project: JW Marriott, Chennai - Email: vikrantc@biltrax.com - Type: BX1
2026-07-16 10:52:51,622 - Project: The Ritz-Carlton Vaikom Island - Email: vikrantc@biltrax.com - Type: BX1
2026-07-16 10:57:13,310 - Project: Brigade Technopark World Trade Center, Thiruvananthapuram - Email: vikrantc@biltrax.com - Type: BX1
2026-07-16 10:58:03,016 - Project: CPWD Academic Building, Dumad - Email: vaibhavis@biltrax.com - Type: BX1
2026-07-16 11:01:44,521 - Project: Fairfield by Marriott Bengaluru Brigade Valencia, Bangalore - Email: vikrantc@biltrax.com - Type: BX1
2026-07-16 11:33:48,668 - Project: Sri Aditya Vantage, Hyderabad - Email: vikrantc@biltrax.com - Type: BX1
2026-07-16 11:36:36,266 - Project: Adani 5 Star Hotel, Ahmedabad - Email: shubhamkoltekarbiltrax@gmail.com - Type: BX1
2026-07-16 11:42:03,256 - Project: Goshar Iora, Tardeo - Email: vikrantc@biltrax.com - Type: BX1
2026-07-16 11:57:39,097 - Project: NBCC Canara Bank HO Annex Building, Bengaluru - Email: vikrantc@biltrax.com - Type: BX1
2026-07-16 12:07:08,826 - Project: Juniper Hotel, Shettigere - Email: shubhamkoltekarbiltrax@gmail.com - Type: BX1
2026-07-16 12:39:25,369 - Project: Goshar & Tanishq Palatina, Ghatkopar - Email: vikrantc@biltrax.com - Type: BX1
2026-07-16 12:42:56,073 - Project: DDSR Pride, Panvel - Email: aksha@biltrax.com - Type: BX1
2026-07-16 13:49:22,013 - Project: BEIDC Patliputra University Campus, Bakhtiyarpur - Email: nikhita@biltrax.com - Type: BX1
2026-07-16 14:36:32,960 - Project: Nilaya Prana, Ranchi - Email: aksha@biltrax.com - Type: BX1
2026-07-16 14:46:54,184 - Project: Nirlon Amani Knowledge Park - Email: vaibhavis@biltrax.com - Type: BX1
2026-07-16 14:47:34,505 - Project: PWD Sports Complex Building, Nagpur - Email: kunalbiltrax03@gmail.com - Type: BX1
2026-07-16 14:59:32,361 - Project: Prestige JRC Signature Towers, Bangalore - Email: shubhamkoltekarbiltrax@gmail.com - Type: BX1
2026-07-16 15:16:16,434 - Project: IITM Students Hostel, Madras - Email: sejal13biltrax@gmail.com - Type: BX1
2026-07-16 16:00:35,914 - Project: BEIDC Patliputra University Campus, Bakhtiyarpur - Email: omkarkhatu@biltrax.com - Type: BX1
2026-07-16 16:41:35,598 - Project: GLS University Expansion, Ahmedabad - Email: shubhamu@biltrax.com - Type: BX1
2026-07-17 09:23:52,276 - Project: NRANVP Composite Aayog Building, Nava Raipur - Email: yashybiltrax@gmail.com - Type: BX1
2026-07-17 09:43:47,538 - Project: IRCON MSME Technology Centre, Thiruvananthapuram - Email: yashybiltrax@gmail.com - Type: BX1
2026-07-17 09:52:29,748 - Project: Vajram Vivera, Bangalore - Email: komalsasbiltrax@gmail.com - Type: BX1
2026-07-17 10:40:34,470 - Project: Shekhar Commercial Project, Indore - Email: vaibhavis@biltrax.com - Type: BX1
2026-07-17 10:45:12,705 - Project: Aster DM Multi Specialty Hospital, Bangalore - Email: harsh@biltrax.com - Type: BX1
2026-07-17 10:45:54,539 - Project: Sukhwani Residential, Pune - Email: komalsasbiltrax@gmail.com - Type: BX1
2026-07-17 11:21:40,134 - Project: Aastha Codename Gateway of GIFT City, Gandhinagar - Email: harsh@biltrax.com - Type: BX1
2026-07-17 11:38:09,128 - Project: Kalpataru One, Worli - Email: janhavibiltrax30@gmail.com - Type: BX1
2026-07-17 11:54:47,403 - Project: Vijay Raja VRX Magna, Korattur - Email: shubhamkoltekarbiltrax@gmail.com - Type: BX1
2026-07-17 12:04:38,799 - Project: Apollo Medicity Hospital, Gurgaon - Email: harsh@biltrax.com - Type: BX1
2026-07-17 12:48:07,934 - Project: Vistara Sculpture AI, Daskroi - Email: snehakatkarbiltrax@gmail.com - Type: BX1
2026-07-17 12:50:01,102 - Project: Vistara Sculpture AI, Daskroi - Email: snehakatkarbiltrax@gmail.com - Type: BX1
2026-07-17 14:25:26,571 - Project: Radhe Trogon Twin Towers, Gandhinagar - Email: snehakatkarbiltrax@gmail.com - Type: BX1
2026-07-17 15:15:21,279 - Project: Gopinath The Address, Ahmedabad - Email: yashybiltrax@gmail.com - Type: BX1
2026-07-17 16:25:41,922 - Project: Bakeri Sakar Scintilla, Gandhinagar - Email: harsh@biltrax.com - Type: BX1
2026-07-17 16:44:42,524 - Project: AGM Views, Andheri - Email: shubhamkoltekarbiltrax@gmail.com - Type: BX1
2026-07-17 16:46:27,594 - Project: Dream Velmore, Balewadi - Email: prashant@biltrax.com - Type: BX1
2026-07-17 17:08:24,215 - Project: Vijay Raja VRX Magna, Korattur - Email: komalsasbiltrax@gmail.com - Type: BX1
2026-07-18 09:31:41,736 - Project: JUIDCO Office Building, Latehar - Email: yashybiltrax@gmail.com - Type: BX1
2026-07-18 10:06:45,078 - Project: CIDCO Urban Renewal Cluster 02 Redevelopment, Kisan Nagar - Email: yashybiltrax@gmail.com - Type: BX1
2026-07-18 11:38:43,393 - Project: Evara Towers, Ahmedabad - Email: pratiksha@biltrax.com - Type: BX1
2026-07-18 12:17:41,684 - Project: KLJ Software Noida 126 IT Units, Noida - Email: shubhamkoltekarbiltrax@gmail.com - Type: BX1
2026-07-18 12:19:24,597 - Project: Yashoda Multi Specialty Hospital, Ghaziabad - Email: megha@biltrax.com - Type: BX1
2026-07-18 12:29:09,503 - Project: D&A The Imperial, Worli - Email: harsh@biltrax.com - Type: BX1
2026-07-18 12:29:46,449 - Project: D&A The Imperial, Worli - Email: harsh@biltrax.com - Type: BX1
2026-07-18 14:15:19,274 - Project: Macleods House, Andheri - Email: shubhamu@biltrax.com - Type: BX1
2026-07-18 14:29:58,330 - Project: Weisdom Ampleton, Gandhinagar - Email: harsh@biltrax.com - Type: BX1
2026-07-18 15:05:52,355 - Project: RSRDC Trauma Centre and MCH Wing, Bharatpur - Email: harsh@biltrax.com - Type: BX1
2026-07-18 15:17:26,878 - Project: Reach The Bazaria - Email: shubhamkoltekarbiltrax@gmail.com - Type: BX1
2026-07-18 15:24:54,800 - Project: MES Deficient Married Accomodation, Nedumbasery - Email: jagdishbiltrax@gmail.com - Type: BX1
2026-07-18 15:46:16,249 - Project: Prestige Forum North & W Hotel, Bangalore - Email: shubhamkoltekarbiltrax@gmail.com - Type: BX1
2026-07-18 17:07:31,336 - Project: Migsun Lucknow Central, Lucknow - Email: shubhamkoltekarbiltrax@gmail.com - Type: BX1
2026-07-18 17:08:41,702 - Project: Amity University Expansion, Panvel - Email: harsh@biltrax.com - Type: BX1
2026-07-18 17:08:48,644 - Project: Amity University Expansion, Panvel - Email: harsh@biltrax.com - Type: BX1
2026-07-18 17:28:29,915 - Project: Arcon Cyber Heights, Thiruvananthapuram - Email: akshaysbiltrax@gmail.com - Type: BX1
2026-07-18 17:33:55,818 - Project: Klassik Exotic, Bangalore - Email: akshaysbiltrax@gmail.com - Type: BX1
2026-07-18 17:40:40,467 - Project: Chalet Hyatt Regency, Airoli - Email: janhavibiltrax30@gmail.com - Type: BX1
2026-07-18 17:43:33,383 - Project: Juniper Hotel, Shettigere - Email: janhavibiltrax30@gmail.com - Type: BX1
2026-07-18 17:46:43,789 - Project: Elan Imperial, Gurgaon - Email: janhavibiltrax30@gmail.com - Type: BX1
2026-07-20 09:42:33,924 - Project: Vivanta Hotel, Vellore - Email: harsh@biltrax.com - Type: BX1
2026-07-20 09:44:14,292 - Project: MHADA LIG Residential Building, Jalgaon - Email: yashybiltrax@gmail.com - Type: BX1
2026-07-20 09:46:26,910 - Project: PWD Veterinary and Animal Sciences College and Hospital, Parali - Email: megha@biltrax.com - Type: BX1
2026-07-20 09:49:04,677 - Project: Narang Valora, Goregaon - Email: suchitra@biltrax.com - Type: BX1
2026-07-20 09:51:55,294 - Project: Purva Bayscape, Kelambakkam - Email: megha@biltrax.com - Type: BX1
2026-07-20 09:53:35,982 - Project: Srijan Orizon, Sonarpur - Email: suchitra@biltrax.com - Type: BX1
2026-07-20 10:09:51,808 - Project: NBCC NHB International Potato Centre, Agra - Email: megha@biltrax.com - Type: BX1
2026-07-20 10:28:16,942 - Project: CPWD AIIMS Critical Care Hospital, New Delhi - Email: megha@biltrax.com - Type: BX1
2026-07-20 10:46:34,698 - Project: Pamnani Residential Project, Tathawade - Email: suchitra@biltrax.com - Type: BX1
2026-07-20 11:03:11,246 - Project: MPSEDCL Data Centre, Indore - Email: harsh@biltrax.com - Type: BX1
2026-07-20 11:30:14,138 - Project: GBL Barala Multispecialty Hospital, Jaipur - Email: harsh@biltrax.com - Type: BX1
2026-07-20 11:41:32,548 - Project: GBL Barala Multispecialty Hospital, Jaipur - Email: harsh@biltrax.com - Type: BX1
2026-07-20 11:57:49,629 - Project: NBR Soul of the Seasons, Bangalore - Email: megha@biltrax.com - Type: BX1
2026-07-20 14:35:23,194 - Project: Athesh Sadashiv Kirti Vishnu, Shukrawar Peth - Email: shubhamu@biltrax.com - Type: BX1
2026-07-20 14:38:22,797 - Project: Unknown Project - Email: sankalpbiltrax@gmail.com - Type: BX2
2026-07-20 14:42:53,971 - Project: NBCC Administrative Building, New town - Email: pratiksha@biltrax.com - Type: BX1
2026-07-20 15:28:42,317 - Project: Bharat Vikas Parishad Cancer Hospital, Kota - Email: shubhamu@biltrax.com - Type: BX1
2026-07-20 17:11:43,886 - Project: Om Fair Township, Dhansar - Email: yashybiltrax@gmail.com - Type: BX1
2026-07-20 17:19:46,334 - Project: Subh Seggovias, Gurgaon - Email: yashybiltrax@gmail.com - Type: BX1
2026-07-20 17:22:07,735 - Project: Shades Cedar Heights, Ernakulam - Email: yashybiltrax@gmail.com - Type: BX1
2026-07-20 17:26:28,524 - Project: Grace Resilviaa, Gurgaon - Email: yashybiltrax@gmail.com - Type: BX1
2026-07-20 17:31:23,191 - Project: Stellar Heights, Zirakpur - Email: yashybiltrax@gmail.com - Type: BX1
2026-07-21 09:56:26,712 - Project: HSCL Auditorium Building, Cuttack - Email: suchitra@biltrax.com - Type: BX1
2026-07-21 10:10:12,698 - Project: Bharti Nxtra Data Center, Chandanvelly - Email: yashybiltrax@gmail.com - Type: BX1
2026-07-21 10:11:46,395 - Project: PWD Rest House, Faridabad - Email: yashybiltrax@gmail.com - Type: BX1
2026-07-21 10:13:30,635 - Project: HSCL Eklavya Model Residential School (EMRS), Keshariguda - Email: suchitra@biltrax.com - Type: BX1
2026-07-21 10:21:33,937 - Project: SeleQtions Hotel, Digha - Email: janhavibiltrax30@gmail.com - Type: BX1
2026-07-21 10:23:41,148 - Project: MHADA MIG & HIG Residential, Satpur - Email: yashybiltrax@gmail.com - Type: BX1
2026-07-21 11:02:05,110 - Project: GRC Residential, Thanisandra - Email: komalsasbiltrax@gmail.com - Type: BX1
2026-07-21 11:14:56,772 - Project: Virat NRI Avenue, Jaipur - Email: vaibhavis@biltrax.com - Type: BX1
2026-07-21 11:52:21,552 - Project: Binary Highness, Wakad - Email: nirbhaybiltrax@gmail.com - Type: BX1
2026-07-21 12:04:32,326 - Project: Spartan Aurelius, Thaltej - Email: harsh@biltrax.com - Type: BX1
2026-07-21 12:40:02,648 - Project: The Westin, Ludhiana - Email: shubhamkoltekarbiltrax@gmail.com - Type: BX1
2026-07-21 12:41:45,402 - Project: Zade Commercial, Ahmedabad - Email: harsh@biltrax.com - Type: BX1
2026-07-21 14:22:31,327 - Project: Reliance Township, Jamnagar - Email: vikrantc@biltrax.com - Type: BX1
2026-07-21 15:15:42,171 - Project: IHCL Ginger Hotel, Varanasi - Email: harsh@biltrax.com - Type: BX1
2026-07-21 15:33:18,712 - Project: Sonigara Richmont, Ravet - Email: pratiksha@biltrax.com - Type: BX1
2026-07-21 15:38:41,601 - Project: Brijwasi Nikitara, Malad - Email: shubhamkoltekarbiltrax@gmail.com - Type: BX1
2026-07-21 15:56:02,494 - Project: Unknown Project - Email: sankalpbiltrax@gmail.com - Type: BX2
2026-07-21 16:22:40,016 - Project: Asset Granary, Palakkad - Email: jagdishbiltrax@gmail.com - Type: BX1
2026-07-21 16:29:38,430 - Project: Shree Vaishno Sky, Malad - Email: shubhamkoltekarbiltrax@gmail.com - Type: BX1
2026-07-21 17:32:14,666 - Project: Aristo Avira, Ahmedabad - Email: shubhamkoltekarbiltrax@gmail.com - Type: BX1
2026-07-21 18:16:39,099 - Project: CR Soft Upgradation of Railway Station, Belapur - Email: snehakatkarbiltrax@gmail.com - Type: BX1
2026-07-21 18:18:37,899 - Project: ITC Hotel, Siripuram - Email: archana@biltrax.com - Type: BX1
2026-07-22 09:53:49,820 - Project: The Marina, Cuffe Parade - Email: janhavibiltrax30@gmail.com - Type: BX1
2026-07-22 10:12:40,036 - Project: Raghava Nova, Nanakramguda - Email: megha@biltrax.com - Type: BX1
2026-07-22 10:19:14,053 - Project: Raghava Nova, Nanakramguda - Email: megha@biltrax.com - Type: BX1
2026-07-22 10:48:03,525 - Project: Unknown Project - Email: shubhangam.biltrax@gmail.com - Type: BX2
2026-07-22 10:58:58,429 - Project: Unknown Project - Email: shubhangam.biltrax@gmail.com - Type: BX2
2026-07-22 11:11:44,449 - Project: Sarthak Singapore Marina, Indore - Email: vaibhavis@biltrax.com - Type: BX1
2026-07-22 11:19:41,090 - Project: Aishwaryam The Summit One, Rajkot - Email: janhavibiltrax30@gmail.com - Type: BX1
2026-07-22 11:25:07,639 - Project: Exotica 132, Noida - Email: shubhamkoltekarbiltrax@gmail.com - Type: BX1
2026-07-22 11:27:11,268 - Project: Adore Legend, Faridabad - Email: megha@biltrax.com - Type: BX1
2026-07-22 11:32:03,380 - Project: Maithri Residential, Bangalore - Email: shubhamu@biltrax.com - Type: BX1
2026-07-22 12:13:53,621 - Project: Emperia The Capital, Nerul - Email: shubhamkoltekarbiltrax@gmail.com - Type: BX1
2026-07-22 12:52:34,684 - Project: Indeco Business Center - Email: atharvajadhavbiltrax@gmail.com - Type: BX1
2026-07-22 13:54:14,841 - Project: Unknown Project - Email: sankalpbiltrax@gmail.com - Type: BX2
2026-07-22 14:21:02,699 - Project: Raiaskaran Tech Park, Andheri - Email: komalsasbiltrax@gmail.com - Type: BX1
2026-07-22 15:38:49,213 - Project: Macleods House, Andheri - Email: harsh@biltrax.com - Type: BX1
2026-07-22 16:05:25,424 - Project: Unknown Project - Email: sankalpbiltrax@gmail.com - Type: BX2
2026-07-22 16:09:46,946 - Project: Max Estate 128, Noida - Email: sejal13biltrax@gmail.com - Type: BX1
2026-07-22 17:02:41,041 - Project: Amara Business Park - Email: saurabhkamble@biltrax.com - Type: BX1
2026-07-22 17:42:02,630 - Project: Lemon Tree Hotel, Surat - Email: harsh@biltrax.com - Type: BX1
2026-07-22 17:50:53,614 - Project: JSBCCL Multispecialty Hospital cum Medical College, Ranchi - Email: jagdishbiltrax@gmail.com - Type: BX1
2026-07-22 18:07:41,301 - Project: SSV Green Park, Bangalore - Email: akshaysbiltrax@gmail.com - Type: BX1
2026-07-22 18:11:28,380 - Project: Bajaj Finserv Commercial, Pune - Email: harsh@biltrax.com - Type: BX1
2026-07-22 18:11:52,970 - Project: Narenn Primark Inspira(Marvel Of Miyapur), Miyapur - Email: akshaysbiltrax@gmail.com - Type: BX1
2026-07-23 09:16:41,296 - Project: MPBDCL Government College, Betma - Email: yashybiltrax@gmail.com - Type: BX1
2026-07-23 09:23:20,307 - Project: MES NIAT Trainee Soldiers Accomodation, Kochi - Email: yashybiltrax@gmail.com - Type: BX1
2026-07-23 09:30:54,049 - Project: AAI New Civil Enclave, Agra - Email: megha@biltrax.com - Type: BX1
2026-07-23 09:39:19,472 - Project: Brigade Commercial Development, Singhahalli - Email: vikrantc@biltrax.com - Type: BX1
2026-07-23 09:46:18,050 - Project: DDSR Pride, Panvel - Email: suchitra@biltrax.com - Type: BX1
2026-07-23 09:49:16,645 - Project: Blue Terminal 07, Patiala - Email: megha@biltrax.com - Type: BX1
2026-07-23 10:14:28,421 - Project: KREEVA Swaranaya NFC, New Delhi - Email: suchitra@biltrax.com - Type: BX1
2026-07-23 10:38:26,311 - Project: The Marina, Cuffe Parade - Email: komalsasbiltrax@gmail.com - Type: BX1
2026-07-23 11:32:36,157 - Project: RITES IIM Campus Expansion Phase II, Raipur - Email: harsh@biltrax.com - Type: BX1
2026-07-23 11:37:21,513 - Project: Manyata Commercial, Bangalore - Email: shubhamkoltekarbiltrax@gmail.com - Type: BX1
2026-07-23 12:12:24,609 - Project: Vensa One, Hyderabad - Email: shubhamkoltekarbiltrax@gmail.com - Type: BX1
2026-07-23 12:29:23,078 - Project: AdaniConneX Data Center ACXNMI-01, Ghansoli - Email: archana@biltrax.com - Type: BX1
2026-07-23 12:37:02,513 - Project: RK The Camellia, Ahmedabad - Email: vaibhavis@biltrax.com - Type: BX1
2026-07-23 12:41:49,612 - Project: Myscape Terraza North & South, Hyderabad - Email: shubhamkoltekarbiltrax@gmail.com - Type: BX1
2026-07-23 13:40:57,691 - Project: Valor-LT-Conrad Mixed Use Development BKC - Email: riteshs@biltrax.com - Type: BX1
2026-07-23 14:39:32,635 - Project: SBBCT Birla Temple, Shirgaon - Email: harsh@biltrax.com - Type: BX1
2026-07-23 14:53:53,298 - Project: Whiteland Urban Resort (Westin Residencies), Gurgaon - Email: megha@biltrax.com - Type: BX1
2026-07-23 15:17:12,280 - Project: Kumar Platina, Bangalore - Email: akshaysbiltrax@gmail.com - Type: BX1
2026-07-23 15:24:53,013 - Project: Landmark one, Gurgaon - Email: harsh@biltrax.com - Type: BX1
2026-07-23 16:26:24,807 - Project: Tumkur Merchants Credit Co-Operative, Tumkur - Email: shubhamu@biltrax.com - Type: BX1
2026-07-23 16:35:48,036 - Project: Navraj The Marq, Faridabad - Email: harsh@biltrax.com - Type: BX1
2026-07-23 16:35:57,430 - Project: R Sandesh The Iconic Sudama, Nagpur - Email: komalsasbiltrax@gmail.com - Type: BX1
2026-07-23 16:50:05,800 - Project: Unknown Project - Email: sankalpbiltrax@gmail.com - Type: BX2
2026-07-23 17:01:22,706 - Project: Sumadhura Sarang, Whitefield - Email: akshaysbiltrax@gmail.com - Type: BX1
2026-07-23 17:06:30,444 - Project: Gravity Lake Estates, Bangalore - Email: akshaysbiltrax@gmail.com - Type: BX1
2026-07-23 17:10:07,996 - Project: Northernsky The Blend, Mangalore - Email: akshaysbiltrax@gmail.com - Type: BX1
2026-07-23 17:14:49,317 - Project: Sankalp Spectrum 21, Jaipur - Email: akshaysbiltrax@gmail.com - Type: BX1
2026-07-23 17:25:12,567 - Project: D Y Patil Super Speciality Hospital Building, Nerul - Email: pratiksha@biltrax.com - Type: BX1
2026-07-23 17:36:54,597 - Project: Novotel and Ibis Styles Hotel, Bangalore - Email: snehakatkarbiltrax@gmail.com - Type: BX1
2026-07-23 17:48:39,944 - Project: Ganesh Million Minds Tech City, Chandlodiya - Email: pratiksha@biltrax.com - Type: BX1
2026-07-23 17:50:46,800 - Project: Oberoi Anant Vilas Hotel, BKC - Email: shubhamkoltekarbiltrax@gmail.com - Type: BX1
2026-07-23 17:51:01,536 - Project: Oberoi Anant Vilas Hotel, BKC - Email: shubhamkoltekarbiltrax@gmail.com - Type: BX1
2026-07-23 17:57:58,881 - Project: Himalaya Shri Gauri Shankar Medical College & Hospital, Dhanarua - Email: shubhamu@biltrax.com - Type: BX1
2026-07-23 18:11:31,173 - Project: Garve Cullinan, Wakad - Email: harsh@biltrax.com - Type: BX1
2026-07-23 18:11:47,297 - Project: Magarpatta Nobel Hospital, Hadapsar - Email: snehakatkarbiltrax@gmail.com - Type: BX1
2026-07-23 18:18:19,605 - Project: JP Codename Starlife, Mira Road - Email: harsh@biltrax.com - Type: BX1
2026-07-23 18:18:27,022 - Project: JP Codename Starlife, Mira Road - Email: harsh@biltrax.com - Type: BX1
2026-07-23 18:21:46,582 - Project: Sunrise Jewels, Turbhe - Email: snehakatkarbiltrax@gmail.com - Type: BX1
2026-07-24 09:33:01,521 - Project: MPBDCL Kanya Shiksha Campus Expansion, Bhopal - Email: yashybiltrax@gmail.com - Type: BX1
2026-07-24 09:54:38,819 - Project: VVCMC Multi Specialty Hospital, Achole - Email: suchitra@biltrax.com - Type: BX1
2026-07-24 10:21:34,408 - Project: CIDCO Maha Avas Housing Scheme, CBD Belapur - Email: suchitra@biltrax.com - Type: BX1
2026-07-24 10:24:29,561 - Project: Saket Nature Vista, Kalyan - Email: megha@biltrax.com - Type: BX1
2026-07-24 10:25:18,383 - Project: CIDCO Maha Avas Housing Scheme, CBD Belapur - Email: suchitra@biltrax.com - Type: BX1
2026-07-24 10:25:39,066 - Project: HFWD NHM Sub District Hospital, Khajuwala - Email: yashybiltrax@gmail.com - Type: BX1
2026-07-24 10:34:31,562 - Project: Whiteland Urban Resort (Westin Residencies), Gurgaon - Email: megha@biltrax.com - Type: BX1
2026-07-24 10:38:14,746 - Project: Whiteland Urban Resort (Westin Residencies), Gurgaon - Email: megha@biltrax.com - Type: BX1
2026-07-24 10:43:10,812 - Project: SBBCT Birla Temple, Shirgaon - Email: pratiksha@biltrax.com - Type: BX1
2026-07-24 11:12:15,746 - Project: Saket Nature Vista, Kalyan - Email: suchitra@biltrax.com - Type: BX1
2026-07-24 11:25:39,044 - Project: MES OTM Accommodation 2 Units (Phase-II), Pangode - Email: jagdishbiltrax@gmail.com - Type: BX1
2026-07-24 11:47:04,988 - Project: Micron Millennium 155, Mahape - Email: shubhamkoltekarbiltrax@gmail.com - Type: BX1
2026-07-24 12:51:48,638 - Project: Urbtech Mpire, New Delhi - Email: shubhamkoltekarbiltrax@gmail.com - Type: BX1
2026-07-24 12:55:50,658 - Project: Unknown Project - Email: nikhita@biltrax.com - Type: BX2
2026-07-24 13:50:21,338 - Project: Jones Mall, Guduvancheri - Email: suryas@biltrax.com - Type: BX1
2026-07-24 13:54:19,256 - Project: R Sandesh The Iconic Sudama, Nagpur - Email: arshil@biltrax.com - Type: BX1
2026-07-24 14:10:32,105 - Project: JECRC Medical College, Hospital & Research Centre Jaipur - Email: harsh@biltrax.com - Type: BX1
2026-07-24 14:36:10,156 - Project: Mahatma Jyotiba Phule Institutional Building, Jaipur - Email: arshil@biltrax.com - Type: BX1
2026-07-24 14:38:21,844 - Project: IHCL Ginger Hotel, Ayodhya - Email: nikhita@biltrax.com - Type: BX1
2026-07-24 14:53:53,220 - Project: Ambuja Uddgita, Newtown - Email: pratiksha@biltrax.com - Type: BX1
2026-07-24 15:10:19,595 - Project: Birla Taranya, Kalwa - Email: pratiksha@biltrax.com - Type: BX1
2026-07-24 15:21:02,588 - Project: Avreddy Residential, Upparpally - Email: pratiksha@biltrax.com - Type: BX1
2026-07-24 15:23:35,407 - Project: 33Fifteen - Email: saurabhkamble@biltrax.com - Type: BX1
2026-07-24 15:25:04,166 - Project: One Business Bay - Email: saurabhkamble@biltrax.com - Type: BX1
2026-07-24 15:26:39,899 - Project: Auro Villa, Munirabad - Email: pratiksha@biltrax.com - Type: BX1
2026-07-24 16:03:54,453 - Project: Jindal Institute of Integrated Medicine & Geriatric Care, Hisar - Email: harsh@biltrax.com - Type: BX1
2026-07-24 16:10:29,538 - Project: Hines Kanakia Commercial, BKC - Email: nirbhaybiltrax@gmail.com - Type: BX1
2026-07-24 16:25:18,757 - Project: HyperVault AI Data Center, Anakapalli - Email: harsh@biltrax.com - Type: BX1
2026-07-24 16:25:50,047 - Project: Nirlon Amani Knowledge Park, Vikhroli - Email: nidhi14.biltrax@gmail.com - Type: BX1
2026-07-24 16:29:29,629 - Project: The Grand Umrao Hotel, New Delhi - Email: nidhi14.biltrax@gmail.com - Type: BX1
2026-07-24 16:35:18,619 - Project: Gopinath The Address, Ahmedabad - Email: nirbhaybiltrax@gmail.com - Type: BX1
2026-07-24 16:50:30,164 - Project: SER Major Upgradation of Railway Station, Hatia - Email: harsh@biltrax.com - Type: BX1
2026-07-24 16:57:14,033 - Project: Hero Homes Phase 2 & 3, Ludhiana - Email: harsh@biltrax.com - Type: BX1
2026-07-24 17:28:53,830 - Project: Ambiant Mangalya Ashirvad, Bangalore - Email: akshaysbiltrax@gmail.com - Type: BX1
2026-07-24 17:29:02,167 - Project: Ambiant Mangalya Ashirvad, Bangalore - Email: akshaysbiltrax@gmail.com - Type: BX1
2026-07-24 17:39:58,383 - Project: Unknown Project - Email: sankalpbiltrax@gmail.com - Type: BX2
2026-07-24 17:40:10,250 - Project: Lodha Sea Face - Email: saurabhkamble@biltrax.com - Type: BX1
2026-07-27 09:26:56,285 - Project: MPBDCL Government College, Hatta - Email: yashybiltrax@gmail.com - Type: BX1
2026-07-27 09:34:11,727 - Project: PWD IHBAS Expansion, Dilshad Garden - Email: yashybiltrax@gmail.com - Type: BX1
2026-07-27 09:47:17,176 - Project: Casagrand GS Infinity - Email: yashybiltrax@gmail.com - Type: BX1
2026-07-27 09:49:02,228 - Project: ARIPL The Billionaire Street, Gurgaon - Email: yashybiltrax@gmail.com - Type: BX1
2026-07-27 09:51:10,032 - Project: Satya Levante Residences, Gurgaon - Email: yashybiltrax@gmail.com - Type: BX1
2026-07-27 09:55:10,049 - Project: Lohia One, Moradabad - Email: yashybiltrax@gmail.com - Type: BX1
2026-07-27 09:57:40,250 - Project: Pramuk MM Magnus, Bangalore - Email: yashybiltrax@gmail.com - Type: BX1
2026-07-27 10:53:44,137 - Project: Ace Del Lago, Serilingampally - Email: yashybiltrax@gmail.com - Type: BX1
2026-07-27 10:55:12,389 - Project: Wormwood Synergy, Bolpur - Email: janhavibiltrax30@gmail.com - Type: BX1
2026-07-27 14:00:12,635 - Project: VGN Fairmont Phase 2, Chennai - Email: aksha@biltrax.com - Type: BX1
2026-07-27 14:13:19,471 - Project: Phoenix Atulya, Borivali - Email: shubhamu@biltrax.com - Type: BX1
2026-07-27 14:28:56,334 - Project: Integrated Kavya, Andheri - Email: shubhamu@biltrax.com - Type: BX1
2026-07-27 14:40:23,514 - Project: Organo Rurban Lofts, Hyderabad - Email: aksha@biltrax.com - Type: BX1
2026-07-27 15:21:52,659 - Project: Tania Skyline, Vasai-Virar - Email: aksha@biltrax.com - Type: BX1
2026-07-27 15:58:13,518 - Project: Kiaan Residential, Vasai - Email: komalsasbiltrax@gmail.com - Type: BX1
2026-07-27 17:32:41,501 - Project: Manglam Pinkwest, Jaipur - Email: shubhamkoltekarbiltrax@gmail.com - Type: BX1
2026-07-27 17:32:48,088 - Project: Manglam Pinkwest, Jaipur - Email: shubhamkoltekarbiltrax@gmail.com - Type: BX1
2026-07-28 09:24:58,471 - Project: MPBDCL Stadium, Mauganj - Email: yashybiltrax@gmail.com - Type: BX1
2026-07-28 09:30:25,498 - Project: NHAI Four Laning of Thiruvarur Bypass of NH 83 - Email: megha@biltrax.com - Type: BX1
2026-07-28 09:32:04,434 - Project: SAI High Performance Centre, Bengaluru - Email: yashybiltrax@gmail.com - Type: BX1
2026-07-28 09:44:54,354 - Project: Jashn Elevate, Lucknow - Email: suchitra@biltrax.com - Type: BX1
2026-07-28 09:46:54,496 - Project: INR Heights, Karnal - Email: megha@biltrax.com - Type: BX1
2026-07-28 10:00:55,631 - Project: Divyansh Green Heights, Greater Noida - Email: suchitra@biltrax.com - Type: BX1
2026-07-28 10:01:04,567 - Project: Sumadhura Palais Royale, Hyderabad - Email: akshaysbiltrax@gmail.com - Type: BX1
2026-07-28 10:45:28,557 - Project: Alpha Ananda, Gurgaon - Email: suchitra@biltrax.com - Type: BX1
2026-07-28 11:10:47,845 - Project: Alpha Ananda, Gurgaon - Email: suchitra@biltrax.com - Type: BX1
2026-07-28 11:33:07,551 - Project: RLDA Super Speciality Hospital, Sanganer - Email: harsh@biltrax.com - Type: BX1
2026-07-28 11:33:16,794 - Project: Chief Minister Model Composite School (Pre- Primary to Class-12) - Email: saurabhkamble@biltrax.com - Type: BX1
2026-07-28 11:43:29,383 - Project: PMC Mother and Child Care Hospital, New Panvel - Email: harsh@biltrax.com - Type: BX1
2026-07-28 11:45:12,488 - Project: YOTTA - Email: saurabhkamble@biltrax.com - Type: BX1
2026-07-28 12:22:15,744 - Project: GHR USM Trivana, Hyderabad - Email: nikhita@biltrax.com - Type: BX1
2026-07-28 12:32:16,945 - Project: Notan Edge - Email: saurabhkamble@biltrax.com - Type: BX1
2026-07-28 12:51:43,147 - Project: Persistent Systems Campus, Nagpur - Email: poojababar@biltrax.com - Type: BX1
2026-07-28 13:00:16,595 - Project: Nirwan University Expansion, Jaipur - Email: shubhamu@biltrax.com - Type: BX1
2026-07-28 14:01:01,391 - Project: TCM Residential, Thrikkakkara - Email: pratiksha@biltrax.com - Type: BX1
2026-07-28 14:55:31,777 - Project: JJ AJM Hotel, Dehradun - Email: arshil@biltrax.com - Type: BX1
2026-07-28 15:38:56,830 - Project: IHCL Vivanta, Talegaon - Email: shubhamkoltekarbiltrax@gmail.com - Type: BX1
2026-07-28 15:42:29,925 - Project: Welspun One World Trade Centre, Thane - Email: poojababar@biltrax.com - Type: BX1
2026-07-28 15:44:21,507 - Project: Ginger Hotel, Chakan - Email: shubhamkoltekarbiltrax@gmail.com - Type: BX1
2026-07-28 15:47:52,791 - Project: Cybage Tower Expansion, Pune - Email: poojababar@biltrax.com - Type: BX1
2026-07-28 15:55:36,304 - Project: Micron Millennium 155, Mahape - Email: shubhamkoltekarbiltrax@gmail.com - Type: BX1
2026-07-28 15:58:43,075 - Project: Cybercity Crest, Jubilee Hills - Email: shubhamu@biltrax.com - Type: BX1
2026-07-28 16:16:05,151 - Project: Runwal Nishitetsu Commercial, Kurla - Email: shubhamu@biltrax.com - Type: BX1
2026-07-28 16:25:22,811 - Project: Lodha Sea Face, Worli - Email: nirbhaybiltrax@gmail.com - Type: BX1
2026-07-28 16:31:34,886 - Project: HCL Technology Hub, Lucknow - Email: shubhamu@biltrax.com - Type: BX1
2026-07-28 16:34:47,633 - Project: SBTL Ithums Dome Centre, Gurugaon - Email: shubhamu@biltrax.com - Type: BX1
2026-07-28 17:02:00,884 - Project: NBCC DVC De Nobili School Building, Chandrapura - Email: harsh@biltrax.com - Type: BX1
2026-07-28 17:03:43,977 - Project: KIADB Data Centre, Tavarekere - Email: atharvmahajanbx2@gmail.com - Type: BX1
2026-07-28 17:16:08,331 - Project: Avyanna The Crest, Ahmedabad - Email: shubhamkoltekarbiltrax@gmail.com - Type: BX1
2026-07-28 17:55:52,629 - Project: Miraj Mahakavya Resort & Spa, Udaipur - Email: harsh@biltrax.com - Type: BX1
2026-07-28 17:56:04,159 - Project: Lohia The Reserve, Mundhwa - Email: nirbhaybiltrax@gmail.com - Type: BX1
2026-07-28 18:02:19,523 - Project: Nexus Genesis, Kiwale - Email: nirbhaybiltrax@gmail.com - Type: BX1
2026-07-28 18:02:58,241 - Project: Nexus Genesis, Kiwale - Email: nirbhaybiltrax@gmail.com - Type: BX1
2026-07-28 18:07:18,704 - Project: LDA Redevelopment of Vidhan Bhawan, Lucknow - Email: harsh@biltrax.com - Type: BX1
2026-07-28 18:09:39,533 - Project: Gulshan Empire, Ghaziabad - Email: harsh@biltrax.com - Type: BX1
2026-07-29 09:10:47,314 - Project: TCIL Eklavya Model Residential School, Podi Uparoda - Email: yashybiltrax@gmail.com - Type: BX1
2026-07-29 09:17:38,914 - Project: MES Static Rocket Test Centre, Pashan - Email: yashybiltrax@gmail.com - Type: BX1
2026-07-29 09:23:12,784 - Project: Bhavan in Chimbel - Email: saurabhkamble@biltrax.com - Type: BX1
2026-07-29 10:11:44,527 - Project: Gami Ayur, Sanpada - Email: megha@biltrax.com - Type: BX1
2026-07-29 10:30:07,766 - Project: Varun Beverages Corporate Office, Kadipur - Email: megha@biltrax.com - Type: BX1
2026-07-29 10:45:28,000 - Project: NBCC NHM CHC Building, Loisingha - Email: suchitra@biltrax.com - Type: BX1
2026-07-29 11:12:28,413 - Project: Rajyash Rove, Ahmedabad - Email: riteshs@biltrax.com - Type: BX1
2026-07-29 11:55:35,739 - Project: ITC Hotel, Patna - Email: janhavibiltrax30@gmail.com - Type: BX1
2026-07-29 12:43:04,977 - Project: IHCL Ginger Hotel, Varanasi - Email: suchitra@biltrax.com - Type: BX1
2026-07-29 13:00:59,338 - Project: Bhansali The Hamptonns, Balewadi - Email: vaibhavis@biltrax.com - Type: BX1
2026-07-29 14:01:36,977 - Project: Arora The Cybrum, Mohali - Email: shubhamu@biltrax.com - Type: BX1
2026-07-29 14:12:33,056 - Project: Gami Ayur, Sanpada - Email: riteshs@biltrax.com - Type: BX1
2026-07-29 14:17:07,978 - Project: IHG Holiday Inn, Prayagraj - Email: suchitra@biltrax.com - Type: BX1
2026-07-29 14:46:39,856 - Project: Arora The Cybrum, Mohali - Email: shubhamu@biltrax.com - Type: BX1
2026-07-29 14:46:54,355 - Project: Arora The Cybrum, Mohali - Email: shubhamu@biltrax.com - Type: BX1
2026-07-29 15:34:46,376 - Project: Gulshan Empire, Ghaziabad - Email: harsh@biltrax.com - Type: BX1
2026-07-29 16:26:47,125 - Project: Sukhwani Palmera Reserve, Ravet - Email: pratiksha@biltrax.com - Type: BX1
2026-07-29 16:40:33,415 - Project: Justa Hotel, Ayodhya - Email: suchitra@biltrax.com - Type: BX1
2026-07-29 16:49:36,990 - Project: Ramada by Wyndham, Bareilly - Email: janhavibiltrax30@gmail.com - Type: BX1
2026-07-29 16:50:33,879 - Project: Justa Hotel, Ayodhya - Email: suchitra@biltrax.com - Type: BX1
2026-07-29 16:53:27,308 - Project: The Fern Residency, Vrindavan - Email: janhavibiltrax30@gmail.com - Type: BX1
2026-07-29 17:14:40,151 - Project: Raghava Cinq - Email: poojababar@biltrax.com - Type: BX1
2026-07-29 17:17:09,372 - Project: Raghava Cinq, Nanakramguda - Email: poojababar@biltrax.com - Type: BX1
2026-07-29 17:20:24,972 - Project: Raymond Invictus By GS - Email: poojababar@biltrax.com - Type: BX1
2026-07-29 17:23:59,536 - Project: Concorde Mayfair, Yelahanka - Email: gauravimusalebiltrax@gmail.com - Type: BX1
2026-07-29 17:26:39,242 - Project: Ananta Spa & Resort, Ujjain - Email: shubhamkoltekarbiltrax@gmail.com - Type: BX1
2026-07-29 17:43:53,996 - Project: PWD Mother Child Hospital Complex, Patnagarh - Email: suchitra@biltrax.com - Type: BX1
2026-07-29 18:16:53,912 - Project: Clarks Resort, Pushkar - Email: snehakatkarbiltrax@gmail.com - Type: BX1
2026-07-30 09:11:22,058 - Project: TCIL Eklavya Model Residential School, Bharatpur - Email: yashybiltrax@gmail.com - Type: BX1
2026-07-30 09:19:27,758 - Project: EPIL Eklavya Model Residential School (EMRS), Dang - Email: yashybiltrax@gmail.com - Type: BX1
2026-07-30 09:41:08,020 - Project: Siddhivinayak Anaya, Uran - Email: nidhi14.biltrax@gmail.com - Type: BX1
2026-07-30 09:41:18,603 - Project: Siddhivinayak Anaya, Uran - Email: nidhi14.biltrax@gmail.com - Type: BX1
2026-07-30 10:08:05,232 - Project: Clarks Resort, Pushkar - Email: snehakatkarbiltrax@gmail.com - Type: BX1
2026-07-30 10:49:33,744 - Project: Aarav IT Park, Bangalore - Email: komalsasbiltrax@gmail.com - Type: BX1
2026-07-30 11:31:00,505 - Project: Lumina Hyperscale Data Centre, Ambattur - Email: shubhamkoltekarbiltrax@gmail.com - Type: BX1
2026-07-30 11:43:50,687 - Project: AdaniConneX Data Center ACXNMI-01, Ghansoli - Email: shubhamkoltekarbiltrax@gmail.com - Type: BX1
2026-07-30 12:50:56,964 - Project: Essem Akasha, Bangalore - Email: akshaysbiltrax@gmail.com - Type: BX1
2026-07-30 12:53:12,354 - Project: Saritha Santorini, Hoskote - Email: akshaysbiltrax@gmail.com - Type: BX1
2026-07-30 12:56:26,332 - Project: BDA Housing Project, Doddathoguru - Email: akshaysbiltrax@gmail.com - Type: BX1
2026-07-30 12:59:34,945 - Project: Amogaya Adorit, Bangalore - Email: akshaysbiltrax@gmail.com - Type: BX1
2026-07-30 13:57:11,240 - Project: NBCC Canara Bank HO Annex Building, Bengaluru - Email: harsh@biltrax.com - Type: BX1
2026-07-30 14:06:32,898 - Project: HCL AI Data Centre, Bhubaneswar - Email: harsh@biltrax.com - Type: BX1
2026-07-30 14:19:47,838 - Project: HCL AI Data Centre, Bhubaneswar - Email: pratiksha@biltrax.com - Type: BX1
2026-07-30 14:47:14,838 - Project: Dharavi Slum Redevelopment Project - Email: saurabhkamble@biltrax.com - Type: BX1
2026-07-30 14:48:01,339 - Project: Sukhwani Hospitality, Chakan - Email: vaibhavis@biltrax.com - Type: BX1
2026-07-30 14:55:18,557 - Project: Rishika City Center, Sonipat - Email: arshil@biltrax.com - Type: BX1
2026-07-30 15:14:11,971 - Project: Marriott Hotel, Varanasi - Email: suchitra@biltrax.com - Type: BX1
2026-07-30 15:17:36,432 - Project: Radisson Hotel, Bangalore - Email: yashybiltrax@gmail.com - Type: BX1
2026-07-30 15:29:47,275 - Project: Radisson Resort, Whitefield - Email: yashybiltrax@gmail.com - Type: BX1
2026-07-30 16:24:27,652 - Project: Havells R&D Development Centre, Noida - Email: shubhamkoltekarbiltrax@gmail.com - Type: BX1
2026-07-30 16:36:56,816 - Project: Sunrise, Baner - Email: vaibhavis@biltrax.com - Type: BX1
2026-07-30 16:51:08,931 - Project: Holiday Inn Express, Ayodhya - Email: suchitra@biltrax.com - Type: BX1
2026-07-30 16:57:28,015 - Project: Reneev Aaryan Blue Gem Codename Urban Gem, Ahmedabad - Email: pratiksha@biltrax.com - Type: BX1
2026-07-30 17:08:30,462 - Project: NBCC NHM CHC Building, Muribahal - Email: suchitra@biltrax.com - Type: BX1
2026-07-30 17:33:14,774 - Project: NBCC NHM CHC Building, Saintala - Email: suchitra@biltrax.com - Type: BX1
2026-07-30 17:45:25,903 - Project: Pooja The Harvest, Kokapet - Email: nirbhaybiltrax@gmail.com - Type: BX1
2026-07-30 17:49:59,638 - Project: Gala The Presidium, Ahmedabad - Email: nirbhaybiltrax@gmail.com - Type: BX1
2026-07-31 09:30:11,361 - Project: TCIL Eklavya Model Residential School (EMRS), Sonhat - Email: yashybiltrax@gmail.com - Type: BX1
2026-07-31 09:31:56,725 - Project: Havells R&D Centre, Noida - Email: megha@biltrax.com - Type: BX1
2026-07-31 09:33:29,391 - Project: MPBDCL Maharshi Panini University Expansion, Ujjain - Email: yashybiltrax@gmail.com - Type: BX1
2026-07-31 09:53:53,735 - Project: MTDC Resort Upgradation, Trimbakeshwar - Email: yashybiltrax@gmail.com - Type: BX1
2026-07-31 09:54:55,734 - Project: RMZ Data Centre & Colt Technology Services India Private Limited - Email: saurabhkamble@biltrax.com - Type: BX1
2026-07-31 10:37:42,543 - Project: Unitary Esson Constella - Email: vaibhavis@biltrax.com - Type: BX1
2026-07-31 10:40:03,124 - Project: Unitary Yasho Kalash, Kothrud - Email: vaibhavis@biltrax.com - Type: BX1
2026-07-31 10:58:53,603 - Project: Omicron Business Landmarks, Wagholi - Email: vaibhavis@biltrax.com - Type: BX1
2026-07-31 11:08:42,171 - Project: Sukhwani Palmera Reserve, Ravet - Email: suchitra@biltrax.com - Type: BX1
2026-07-31 11:40:48,145 - Project: Shakuntal Dwarka Blue Water, Chikhali - Email: suchitra@biltrax.com - Type: BX1
2026-07-31 11:44:47,377 - Project: Juniper Hotel, Guwahati - Email: riteshs@biltrax.com - Type: BX1
2026-07-31 11:46:33,527 - Project: Aaryan Reneev Commercial, Ahmedabad - Email: pratiksha@biltrax.com - Type: BX1
2026-07-31 12:23:07,844 - Project: Effotel by Sayaji, Chakan - Email: harsh@biltrax.com - Type: BX1
2026-07-31 12:24:08,213 - Project: NBCC NHM CHC Building, Sindhekela - Email: suchitra@biltrax.com - Type: BX1
2026-07-31 12:45:56,219 - Project: IKEA Mixed Used Development project - Email: saurabhkamble@biltrax.com - Type: BX1
2026-07-31 14:19:43,525 - Project: Thane Integral Ring Metro (New Thane Metro Station - Thane Station) - Email: megha@biltrax.com - Type: BX1
2026-07-31 14:24:51,303 - Project: WAPCOS Integrated Infrastructure Complex, Bolangir - Email: suchitra@biltrax.com - Type: BX1
2026-07-31 15:31:37,475 - Project: Ilika Ananda Smart City, Ranchi - Email: vaibhavis@biltrax.com - Type: BX1
2026-07-31 15:46:35,653 - Project: HoABL Leela The Sarayu Hotel, Ayodhya - Email: shubhamkoltekarbiltrax@gmail.com - Type: BX1
2026-07-31 16:16:48,439 - Project: OCAC IT Park, Damana Square - Email: harsh@biltrax.com - Type: BX1
2026-07-31 17:27:19,980 - Project: CPWD Court Building Complex, Daminedu - Email: suchitra@biltrax.com - Type: BX1
2026-07-31 17:39:43,642 - Project: Suma Commercial, Pune - Email: komalsasbiltrax@gmail.com - Type: BX1
2026-07-31 18:02:04,031 - Project: Indiabulls Estate & Club, Gurgaon - Email: poojababar@biltrax.com - Type: BX1
2026-08-01 09:14:36,587 - Project: MMRC Residential Building, Kondivate - Email: yashybiltrax@gmail.com - Type: BX1
2026-08-01 09:18:49,685 - Project: UPPCL Permanent Campus, Palamu - Email: yashybiltrax@gmail.com - Type: BX1
2026-08-01 09:26:55,678 - Project: Rajhans Medicrest, Surat - Email: arshil@biltrax.com - Type: BX1
2026-08-01 09:33:49,122 - Project: Kalyani Homes, Konankunte - Email: megha@biltrax.com - Type: BX1
2026-08-01 09:57:59,030 - Project: PWD Auditorium Building, Balangir - Email: suchitra@biltrax.com - Type: BX1
2026-08-01 11:10:41,806 - Project: Shree Shankeshwar Capital, Pimpri-Chinchwad - Email: shubhamu@biltrax.com - Type: BX1
2026-08-01 11:25:42,841 - Project: Sai Sudarshan Empire, Dasak - Email: shubhamu@biltrax.com - Type: BX1
2026-08-01 11:31:35,655 - Project: Raisoni Tech Tower, Pune - Email: shubhamu@biltrax.com - Type: BX1
2026-08-01 12:30:06,380 - Project: DSR Residential, Kandlakoya - Email: komalsasbiltrax@gmail.com - Type: BX1
2026-08-01 15:00:32,812 - Project: Shubham Ramaji River Vista, Pune - Email: shubhamkoltekarbiltrax@gmail.com - Type: BX1
2026-08-01 17:26:13,735 - Project: Lohia One Park Place, Pune - Email: suchitra@biltrax.com - Type: BX1
2026-08-01 17:27:23,187 - Project: Unknown Project - Email: saurabhkamble@biltrax.com - Type: BX1
2026-08-01 17:27:41,854 - Project: JNPT EIL Office Building Complex, Mallet Bunder - Email: harsh@biltrax.com - Type: BX1
2026-08-01 17:35:58,039 - Project: Max Estate 128, Noida - Email: shubhamu@biltrax.com - Type: BX1
2026-08-03 09:14:19,771 - Project: GSPHCL Police Staff Quarters, Kagdapith - Email: yashy@biltrax.com - Type: BX1
2026-08-03 09:17:46,579 - Project: MPBDCL Government College, Narayanganj - Email: yashy@biltrax.com - Type: BX1
2026-08-03 09:26:14,389 - Project: Rosero Elena, Zirakpur - Email: yashybiltrax@gmail.com - Type: BX1
2026-08-03 09:30:30,374 - Project: Eldeco Camelot, Dwarka - Email: yashybiltrax@gmail.com - Type: BX1
2026-08-03 09:36:22,565 - Project: Lumina Hyperscale Data Centre, Ambattur - Email: poojababar@biltrax.com - Type: BX1
2026-08-03 09:39:24,761 - Project: Manglam Sheraton Pinkwest, Jaipur - Email: poojababar@biltrax.com - Type: BX1
2026-08-03 09:41:38,961 - Project: Pearl Pristine, Jaipur - Email: yashybiltrax@gmail.com - Type: BX1
2026-08-03 09:42:33,328 - Project: The Aga Hall Estate, Mazgaon - Email: suchitra@biltrax.com - Type: BX1
2026-08-03 09:49:38,764 - Project: Aayush Gokul, Chembur - Email: yashybiltrax@gmail.com - Type: BX1
2026-08-03 09:54:21,212 - Project: Brigade Avalon, Whitefield - Email: yashybiltrax@gmail.com - Type: BX1
2026-08-03 09:59:59,518 - Project: Sugee Residential, Thane - Email: poojababar@biltrax.com - Type: BX1
2026-08-03 11:23:09,971 - Project: Shrachi Tiara Residency, Kolkata - Email: vaibhavis@biltrax.com - Type: BX1
2026-08-03 11:27:08,753 - Project: Alcove The Curve, Kolkata - Email: vaibhavis@biltrax.com - Type: BX1
2026-08-03 11:37:59,773 - Project: Avreddy Residential, Upparpally - Email: komalsasbiltrax@gmail.com - Type: BX1
2026-08-03 11:53:39,067 - Project: Pooja The Frame, Hyderabad - Email: komalsasbiltrax@gmail.com - Type: BX1
2026-08-03 13:01:34,342 - Project: Punamiya Avanta, Pimpri Chinchwad - Email: yashybiltrax@gmail.com - Type: BX1
2026-08-03 14:04:42,979 - Project: Karmvir Sky City, Andheri - Email: vaibhavis@biltrax.com - Type: BX1
2026-08-03 14:54:11,221 - Project: Saheel Landmarc, Hinjewadi - Email: shrikants@biltrax.com - Type: BX1
2026-08-03 16:07:39,598 - Project: Deshpande Renucorp One Aalankar, Ghorpadi - Email: komalsasbiltrax@gmail.com - Type: BX1
2026-08-03 16:21:04,692 - Project: KSCSTE Science Park Kannur - Email: saurabhkamble@biltrax.com - Type: BX1
2026-08-03 17:41:50,488 - Project: Ananta Orbis, Surat - Email: shrikants@biltrax.com - Type: BX1
2026-08-03 17:54:54,155 - Project: SVG La Marvella Airport, Shettigere - Email: akshaysbiltrax@gmail.com - Type: BX1
2026-08-03 17:57:42,179 - Project: 360 Life The Origin Tower 2, Izzathnagar - Email: akshaysbiltrax@gmail.com - Type: BX1
2026-08-03 18:13:28,672 - Project: Sify AI Edge Data Center & Open Cable Landing Station, Visakhapatnam - Email: shrikants@biltrax.com - Type: BX1
2026-08-04 09:17:25,758 - Project: MPBDC Land Resource Management Office, Bhopal - Email: yashybiltrax@gmail.com - Type: BX1
2026-08-04 09:23:48,146 - Project: CDSUPJN Juvenile Home, Kanpur Dehat - Email: yashybiltrax@gmail.com - Type: BX1
2026-08-04 09:29:56,930 - Project: Anandtara Residential, Mundhwa - Email: megha@biltrax.com - Type: BX1
2026-08-04 09:32:17,658 - Project: Kolte La Vita, Vashi - Email: vaibhavis@biltrax.com - Type: BX1
2026-08-04 09:38:36,928 - Project: Nimani IT/ITS Project, Baner - Email: megha@biltrax.com - Type: BX1
2026-08-04 09:48:13,440 - Project: Saketa Pramodam, Warangal - Email: megha@biltrax.com - Type: BX1
2026-08-04 09:52:43,462 - Project: IHCL Gateway Hotel Project, Tiruchirappalli - Email: kaushaljbiltrax@gmail.com - Type: BX1
2026-08-04 10:01:50,044 - Project: Anandtara Residential, Mundhwa - Email: shubhamu@biltrax.com - Type: BX1
2026-08-04 10:16:39,463 - Project: Amar IT Tower, Mundhwa - Email: komalsasbiltrax@gmail.com - Type: BX1
2026-08-04 10:22:50,093 - Project: Bhupesh Prakash Nexus, Indore - Email: vaibhavis@biltrax.com - Type: BX1
2026-08-04 10:27:28,446 - Project: Unnati Vaishali Sky Elite, Jaipur - Email: vaibhavis@biltrax.com - Type: BX1
2026-08-04 10:38:23,052 - Project: Salarpuria Sattva Google Office, Hyderabad - Email: tushar@biltrax.com - Type: BX1
2026-08-04 10:45:40,382 - Project: Taj Hotel, Chikmagalur - Email: janhavibiltrax30@gmail.com - Type: BX1
2026-08-04 10:49:44,771 - Project: Calinova Mixed Use Project, Kozhikode - Email: janhavibiltrax30@gmail.com - Type: BX1
2026-08-04 10:57:27,175 - Project: Sukhwani 5 Star Hotel, Chakan - Email: janhavibiltrax30@gmail.com - Type: BX1
2026-08-04 11:09:41,067 - Project: MADCL Vadhavan Greenfield Airport, Palghar - Email: yashybiltrax@gmail.com - Type: BX1
2026-08-04 11:10:55,931 - Project: Delhi Metro Phase 4, Line 8, Package 1 (Keshopur - North Pitampura) - Email: harsh@biltrax.com - Type: BX1
2026-08-04 11:21:34,353 - Project: Ananta Spa & Resort, Ujjain - Email: janhavibiltrax30@gmail.com - Type: BX1
2026-08-04 14:38:54,283 - Project: Radisson Blu Hotel, Dum Dum - Email: nirbhaybiltrax@gmail.com - Type: BX1
2026-08-04 14:40:01,087 - Project: Radisson Blu Hotel, Siliguri - Email: nirbhaybiltrax@gmail.com - Type: BX1
2026-08-04 14:40:05,735 - Project: Radisson Blu Hotel, Siliguri - Email: nirbhaybiltrax@gmail.com - Type: BX1
2026-08-04 14:42:43,409 - Project: Future Goldern Gateway, Borivali - Email: harsh@biltrax.com - Type: BX1
2026-08-04 17:37:40,883 - Project: Triveni Arista FOMO, Ahmedabad - Email: shubhamu@biltrax.com - Type: BX1
2026-08-04 17:47:56,882 - Project: Myscape Yoo Residences, Puppalguda - Email: gauravimusalebiltrax@gmail.com - Type: BX1
2026-08-04 17:51:55,646 - Project: Myscape Songs of The Sun, Nanakaramguda - Email: gauravimusalebiltrax@gmail.com - Type: BX1
2026-08-04 18:14:05,332 - Project: GMR Dr Babasaheb Ambedkar International Airport, Nagpur - Email: tushar@biltrax.com - Type: BX1
2026-08-04 18:38:10,811 - Project: Four Points by Shearton, Tiruchirappalli - Email: harsh@biltrax.com - Type: BX1
2026-08-04 18:50:48,099 - Project: Durga Lifestyle, Patna - Email: shrikants@biltrax.com - Type: BX1
2026-08-04 19:08:10,501 - Project: Durga 77 Degree Resort - Email: shrikants@biltrax.com - Type: BX1
2026-08-05 11:07:44,260 - Project: Sobha Residential, Kismatpur - Email: komalsasbiltrax@gmail.com - Type: BX1
2026-08-05 11:21:55,385 - Project: Decora Posh, Rajkot - Email: pratiksha@biltrax.com - Type: BX1
2026-08-05 11:32:32,698 - Project: Courtyard by Marriott, Rajkot - Email: pratiksha@biltrax.com - Type: BX1
2026-08-05 11:33:40,180 - Project: Sunworld Nimbus Arista Phase 2, Noida - Email: suchitra@biltrax.com - Type: BX1
2026-08-05 11:50:52,961 - Project: Triveni Arista FOMO, Ahmedabad - Email: pratiksha@biltrax.com - Type: BX1
2026-08-05 12:15:26,015 - Project: Nawany Commercial Project, Vasai - Email: komalsasbiltrax@gmail.com - Type: BX1
2026-08-05 12:21:52,884 - Project: RHomes Miraabilis, Ghaziabad - Email: suchitra@biltrax.com - Type: BX1
2026-08-05 14:39:14,099 - Project: DGS Sheetal Uma Smriti, Goregaon - Email: shrikants@biltrax.com - Type: BX1
2026-08-05 15:11:14,901 - Project: PGCIL Data Center, Manesar - Email: kaushaljbiltrax@gmail.com - Type: BX1
2026-08-05 16:03:54,779 - Project: T Homes & Digitown, Ghaziabad - Email: suchitra@biltrax.com - Type: BX1
2026-08-05 16:23:35,220 - Project: Siddha Serena, New Town - Email: shrikants@biltrax.com - Type: BX1
2026-08-05 16:29:39,776 - Project: Maaisa Genesis, Wakad - Email: vaibhavis@biltrax.com - Type: BX1
2026-08-05 16:32:43,493 - Project: Suyug The 1, Bangalore - Email: shrikants@biltrax.com - Type: BX1
2026-08-06 09:49:07,564 - Project: UPRNN Government Hospital, Jewar - Email: yashybiltrax@gmail.com - Type: BX1
2026-08-06 09:52:23,133 - Project: IHCL Gateway Hotel Project, Tiruchirappalli - Email: yashybiltrax@gmail.com - Type: BX1
2026-08-06 09:53:36,423 - Project: RVNL Gati Shakti Vishwavidyalaya, Vadodara - Email: yashybiltrax@gmail.com - Type: BX1
2026-08-06 10:03:08,721 - Project: Rupa Emerald, Mahape - Email: shubhamkoltekarbiltrax@gmail.com - Type: BX1
2026-08-06 10:06:30,759 - Project: TMC Cancer Hospital Platinum Block, Parel - Email: kaushaljbiltrax@gmail.com - Type: BX1
2026-08-06 10:16:45,157 - Project: CKPC Winds of Change, Amanikere - Email: akshaysbiltrax@gmail.com - Type: BX1
2026-08-06 10:28:23,142 - Project: Magnolia Delight, Bangalore - Email: akshaysbiltrax@gmail.com - Type: BX1
2026-08-06 11:15:49,980 - Project: New Delhi Railway Station Redevelopment - Email: saurabhkamble@biltrax.com - Type: BX1
2026-08-06 11:25:17,705 - Project: Lodha Casa Evergreen, Vikhroli - Email: vaibhavis@biltrax.com - Type: BX1
2026-08-06 12:33:34,321 - Project: JVM Equinox, Thane - Email: shubhamkoltekarbiltrax@gmail.com - Type: BX1
2026-08-06 12:37:40,177 - Project: Kamdhenu Zeus - Email: vaibhavis@biltrax.com - Type: BX1
2026-08-06 12:41:25,229 - Project: Lodha Casa Evergreen, Vikhroli - Email: vaibhavis@biltrax.com - Type: BX1
2026-08-06 12:45:23,577 - Project: DLH Business Bay, Bandra - Email: vaibhavis@biltrax.com - Type: BX1
2026-08-06 15:16:07,021 - Project: Delta Tricity Aveon, Rabale - Email: vaibhavis@biltrax.com - Type: BX1
2026-08-06 15:54:08,604 - Project: Sewani Commercial, Ahmedabad - Email: shubhamu@biltrax.com - Type: BX1
2026-08-06 17:00:53,412 - Project: STT Data Centre 4, Ambattur - Email: harsh@biltrax.com - Type: BX1
2026-08-06 17:24:36,799 - Project: PWD Police Administrative Building, Pune - Email: vaibhavis@biltrax.com - Type: BX1
2026-08-06 17:24:42,350 - Project: Suyug Saffron, Bangalore - Email: shrikants@biltrax.com - Type: BX1
2026-08-06 17:26:38,896 - Project: Elite Hospital Project, Mohali - Email: snehakatkarbiltrax@gmail.com - Type: BX1
2026-08-06 17:29:04,443 - Project: S2 Aiikya Village, Sarjapura - Email: shrikants@biltrax.com - Type: BX1
2026-08-06 17:37:41,534 - Project: Abode Residential Project, Koparkhairne - Email: komalsasbiltrax@gmail.com - Type: BX1
2026-08-06 17:38:04,690 - Project: Arvind Residential Highrise, Sabarmati - Email: shubhamkoltekarbiltrax@gmail.com - Type: BX1
2026-08-06 17:43:02,543 - Project: Wyndham Grand Goa, Vagator - Email: shrikants@biltrax.com - Type: BX1
2026-08-06 17:44:54,900 - Project: Ritz Carlton, Chennai - Email: harsh@biltrax.com - Type: BX1
2026-08-06 18:36:39,851 - Project: Today Nova Ark & Nova Vista, Nerul - Email: riteshs@biltrax.com - Type: BX1
2026-08-07 09:32:14,899 - Project: CPWD NCDC CHC Building, Manawala - Email: yashybiltrax@gmail.com - Type: BX1
2026-08-07 09:57:03,974 - Project: BCD Jharkhand Bhawan, Vashi - Email: yashybiltrax@gmail.com - Type: BX1
2026-08-07 10:04:30,450 - Project: MPIDC IT Park, Rewa - Email: shubhamu@biltrax.com - Type: BX1
2026-08-07 12:01:52,994 - Project: Hilton Hotel, Labana - Email: shubhamu@biltrax.com - Type: BX1
2026-08-07 12:25:35,227 - Project: AAI New Civil Enclave, Agra - Email: kaushaljbiltrax@gmail.com - Type: BX1
2026-08-07 12:27:41,769 - Project: Godrej Residential Project, Kolkata - Email: vaibhavis@biltrax.com - Type: BX1
2026-08-07 14:16:42,489 - Project: Vrindavan Eastern Heights, Nagpur - Email: riteshs@biltrax.com - Type: BX1
2026-08-07 15:23:49,113 - Project: LDA Narmada Apartment, Gomti Nagar - Email: yashybiltrax@gmail.com - Type: BX1
2026-08-07 15:25:35,875 - Project: LDA Park View Apartment, Basantkunj - Email: yashybiltrax@gmail.com - Type: BX1
2026-08-07 15:26:48,335 - Project: LDA Aishbagh Square Apartment, Aishbagh - Email: yashybiltrax@gmail.com - Type: BX1
2026-08-07 15:28:28,319 - Project: CPWD Redevelopment of GPRA Colony (Package II - Type II), Sriniwaspuri - Email: yashybiltrax@gmail.com - Type: BX1
2026-08-07 15:30:29,229 - Project: SER Redevelopment of Railway Station, Tatanagar - Email: yashybiltrax@gmail.com - Type: BX1
2026-08-07 15:31:58,808 - Project: CPWD Redevelopment of GPRA Colony (Package III-Type IV), Sriniwaspuri - Email: yashybiltrax@gmail.com - Type: BX1
2026-08-07 16:44:17,916 - Project: Vamja The Sagitta, Ahmedabad - Email: pratiksha@biltrax.com - Type: BX1
2026-08-07 16:45:48,190 - Project: Vamja The Auriga, Ahmedabad - Email: pratiksha@biltrax.com - Type: BX1
2026-08-07 17:56:09,808 - Project: NBCC Indian Bank Office Building, Amravati - Email: shrikants@biltrax.com - Type: BX1
2026-08-07 18:25:16,369 - Project: NBCC CBI Office Building, Amaravati - Email: shrikants@biltrax.com - Type: BX1
2026-08-07 18:35:59,246 - Project: NBCC CBI Office Building, Amaravati - Email: shrikants@biltrax.com - Type: BX1
2026-08-07 18:36:05,013 - Project: NBCC CBI Office Building, Amaravati - Email: shrikants@biltrax.com - Type: BX1
2026-08-07 19:10:31,384 - Project: Sangath Foresta, Gandhinagar - Email: shrikants@biltrax.com - Type: BX1
2026-08-07 19:10:51,083 - Project: Sangath Foresta, Gandhinagar - Email: shrikants@biltrax.com - Type: BX1
2026-08-10 09:12:59,517 - Project: BARC Engineering Hall and Science Laboratory Building, Atchutapuram - Email: yashybiltrax@gmail.com - Type: BX1
2026-08-10 09:35:51,612 - Project: Great Value Ekanam, Noida - Email: poojababar@biltrax.com - Type: BX1
2026-08-10 09:37:19,581 - Project: Great Value Ekanam, Noida - Email: megha@biltrax.com - Type: BX1
2026-08-10 09:39:45,594 - Project: Blackstone Lumina JCK Data Center, Hyderabad - Email: poojababar@biltrax.com - Type: BX1
2026-08-10 10:06:34,886 - Project: Microsoft IT Campus, Greater Noida - Email: megha@biltrax.com - Type: BX1
2026-08-10 10:10:11,008 - Project: Achalare Commercial Project, Pune - Email: komalsasbiltrax@gmail.com - Type: BX1
2026-08-10 10:44:34,328 - Project: Unknown Project - Email: megha@biltrax.com - Type: BX2
2026-08-10 10:48:36,925 - Project: Rhine Celeste Mall - Email: arshil@biltrax.com - Type: BX1
2026-08-10 10:49:01,931 - Project: Sumadhura Platinum Square, Marathahalli - Email: riteshs@biltrax.com - Type: BX1
2026-08-10 11:00:53,077 - Project: One Axis, Newtown - Email: harsh@biltrax.com - Type: BX1
2026-08-10 11:02:21,733 - Project: Narayana Hospital, Newtown - Email: harsh@biltrax.com - Type: BX1
2026-08-10 11:43:36,843 - Project: Adani Hospital, New Town - Email: harsh@biltrax.com - Type: BX1
2026-08-10 11:46:38,346 - Project: CIDCO Maha Avas Housing Scheme, CBD Belapur - Email: yashybiltrax@gmail.com - Type: BX1
2026-08-10 11:49:52,145 - Project: BCD JEEVIKA Head Quarter Building, Patna - Email: yashybiltrax@gmail.com - Type: BX1
2026-08-10 11:56:25,899 - Project: Neerganga Hospital & Research Center, Raipur - Email: harsh@biltrax.com - Type: BX1
2026-08-10 11:57:26,852 - Project: M2K Olive Green Floor, Gurgaon - Email: yashybiltrax@gmail.com - Type: BX1
2026-08-10 12:00:38,411 - Project: Vinayaga Dutta Residency, Guwahati - Email: yashybiltrax@gmail.com - Type: BX1
2026-08-10 12:03:40,196 - Project: Ruparel Vivanza, Byculla - Email: yashybiltrax@gmail.com - Type: BX1
2026-08-10 12:06:17,390 - Project: Rgate Ishaan Abhiram, Udaipur - Email: yashybiltrax@gmail.com - Type: BX1
2026-08-10 12:09:20,012 - Project: Navraj The Marq, Faridabad - Email: shubhamkoltekarbiltrax@gmail.com - Type: BX1
2026-08-10 12:11:00,708 - Project: County Jade, Ghaziabad - Email: yashybiltrax@gmail.com - Type: BX1
2026-08-10 12:12:34,875 - Project: Azim Premji University, Ranchi - Email: yashybiltrax@gmail.com - Type: BX1
2026-08-10 12:13:34,870 - Project: JSBCCL Multispecialty Teaching Hospital cum Medical College Phase-I - Email: yashybiltrax@gmail.com - Type: BX1
2026-08-10 13:01:23,050 - Project: Juniper Hotel, Shettigere - Email: harsh@biltrax.com - Type: BX1
2026-08-10 13:46:21,712 - Project: Felix Hospital Sector 75, Noida - Email: megha@biltrax.com - Type: BX1
2026-08-10 13:54:44,741 - Project: Himalaya Shri Gauri Shankar Medical College & Hospital, Dhanarua - Email: yashybiltrax@gmail.com - Type: BX1
2026-08-10 13:56:27,249 - Project: BMSICL DMCH Redevelopment of Darbhanga Medical College & Hospital, Laheriasarai - Email: yashybiltrax@gmail.com - Type: BX1
2026-08-10 13:57:41,969 - Project: Rajesh Singh Dayal Multi Speciality Hospital, Lucknow - Email: yashybiltrax@gmail.com - Type: BX1
2026-08-10 13:58:43,950 - Project: Lala Mahender Aggarwal Hospital, Nagla Baheri - Email: yashybiltrax@gmail.com - Type: BX1
2026-08-10 14:43:26,036 - Project: JW Marriott, Shimla - Email: harsh@biltrax.com - Type: BX1
2026-08-10 15:02:57,304 - Project: Svadha Residential, Kukatpally - Email: komalsasbiltrax@gmail.com - Type: BX1
2026-08-10 15:25:30,138 - Project: Unknown Project - Email: yashybiltrax@gmail.com - Type: BX1
2026-08-10 15:26:37,242 - Project: Garg Global City Walk, Ghaziabad - Email: shubhamkoltekarbiltrax@gmail.com - Type: BX1
2026-08-10 15:27:18,155 - Project: UPSRTC Bus Station cum Commercial Complex, Ghaziabad - Email: yashybiltrax@gmail.com - Type: BX1
2026-08-10 15:47:23,988 - Project: Raghava IRIS, Raidurg - Email: riteshs@biltrax.com - Type: BX1
2026-08-10 16:50:24,106 - Project: Salarpuria Sattva Verve, Kharadi - Email: harsh@biltrax.com - Type: BX1
2026-08-10 16:50:32,623 - Project: Salarpuria Sattva Verve, Kharadi - Email: harsh@biltrax.com - Type: BX1
2026-08-10 16:50:42,293 - Project: Salarpuria Sattva Verve, Kharadi - Email: harsh@biltrax.com - Type: BX1
2026-08-10 16:54:34,173 - Project: NBCC RLBCAU Hostel and Academic Building Phase 2, Jhansi - Email: megha@biltrax.com - Type: BX1
2026-08-10 18:07:25,606 - Project: Chadha Residential Project, Ambernath - Email: harsh@biltrax.com - Type: BX1
2026-08-10 18:12:23,894 - Project: Nimani IT/ITS Project, Baner - Email: harsh@biltrax.com - Type: BX1
2026-08-10 18:12:45,776 - Project: Nimani IT/ITS Project, Baner - Email: harsh@biltrax.com - Type: BX1
2026-08-10 18:19:05,330 - Project: Aakar Canary Greens, Charholi - Email: harsh@biltrax.com - Type: BX1
2026-08-10 18:19:12,562 - Project: Aakar Canary Greens, Charholi - Email: harsh@biltrax.com - Type: BX1
2026-08-11 09:17:43,988 - Project: HFWD NHM Sub District Hospital, Raipur - Email: yashybiltrax@gmail.com - Type: BX1
2026-08-11 09:22:36,037 - Project: HFWD NHM District Hospital, Malpura - Email: yashybiltrax@gmail.com - Type: BX1
2026-08-11 09:32:44,105 - Project: M3M The Signature Residences by ELIE SAAB - Email: megha@biltrax.com - Type: BX1
2026-08-11 09:40:14,298 - Project: CPWD GPRA Residential Quarters, Amaravati - Email: tushar@biltrax.com - Type: BX1
2026-08-11 09:40:43,800 - Project: Vajra West City, Osmannagar - Email: megha@biltrax.com - Type: BX1
2026-08-11 10:04:54,513 - Project: Vajra West City, Osmannagar - Email: riteshs@biltrax.com - Type: BX1
2026-08-11 10:06:29,729 - Project: Century Silicon City, Bangalore - Email: megha@biltrax.com - Type: BX1
2026-08-11 10:12:36,949 - Project: Rupa Emerald, Mahape - Email: komalsasbiltrax@gmail.com - Type: BX1
2026-08-11 10:34:48,887 - Project: Apurupa Tranquil, Attapur - Email: komalsasbiltrax@gmail.com - Type: BX1
2026-08-11 10:44:09,183 - Project: Clarks Hotel, Krishnagiri - Email: shubhamkoltekarbiltrax@gmail.com - Type: BX1
2026-08-11 10:50:52,890 - Project: Seyad Fathimuthu Hospital, Tirunelveli - Email: shubhamkoltekarbiltrax@gmail.com - Type: BX1
2026-08-11 10:52:38,618 - Project: Bombay Island City Center, Dadar - Email: tushar@biltrax.com - Type: BX1
2026-08-11 11:21:43,275 - Project: GHR Laxmi Urban Cascades Neopolis - Email: yashybiltrax@gmail.com - Type: BX1
2026-08-11 11:43:57,326 - Project: Avnee Terminal Two, Wakad - Email: shubhamkhairnarbiltrax@gmail.com - Type: BX1
2026-08-11 11:45:14,083 - Project: BCM Vertex, Yeswanthpur - Email: janhavibiltrax30@gmail.com - Type: BX1
2026-08-11 11:47:37,730 - Project: BCM Vertex, Yeswanthpur - Email: janhavibiltrax30@gmail.com - Type: BX1
2026-08-11 11:51:16,228 - Project: BCM Panache, Bangalore - Email: janhavibiltrax30@gmail.com - Type: BX1
2026-08-11 12:12:43,594 - Project: Shree KB West Walk, Greater Noida - Email: poojababar@biltrax.com - Type: BX1
2026-08-11 12:15:17,035 - Project: Skytech Colours Avenue, Greater Noida - Email: poojababar@biltrax.com - Type: BX1
2026-08-11 12:17:30,935 - Project: Vajra West City, Osmannagar - Email: poojababar@biltrax.com - Type: BX1
2026-08-11 12:48:17,551 - Project: Lodha Casa Evergreen, Vikhroli - Email: poojababar@biltrax.com - Type: BX1
2026-08-11 13:53:35,701 - Project: Reliance Township, Jamnagar - Email: aksha@biltrax.com - Type: BX1
2026-08-11 14:05:12,209 - Project: New Modern Imperial Avenue - Email: shubhamkoltekarbiltrax@gmail.com - Type: BX1
2026-08-11 15:16:16,427 - Project: Shree Miraya, Newtown - Email: poojababar@biltrax.com - Type: BX1
2026-08-11 17:02:59,897 - Project: AAI New Civil Enclave, Agra - Email: harsh@biltrax.com - Type: BX1
2026-08-11 17:32:08,697 - Project: Manglam Sheraton Pinkwest - Email: vaibhavis@biltrax.com - Type: BX1
2026-08-11 17:36:37,977 - Project: IHCL Taj Hotel, Indore - Email: vaibhavis@biltrax.com - Type: BX1
2026-08-11 17:42:47,681 - Project: Avyanna The Crest, Ahmedabad - Email: vaibhavis@biltrax.com - Type: BX1
2026-08-11 18:11:18,299 - Project: Karmvir Sky City, Andheri - Email: harsh@biltrax.com - Type: BX1
2026-08-11 18:14:52,006 - Project: Omaxe World Street - Email: megha@biltrax.com - Type: BX1
2026-08-12 09:08:37,112 - Project: BCD Residential School, Uchkagaon - Email: yashybiltrax@gmail.com - Type: BX1
2026-08-12 09:12:30,658 - Project: BCD Residential School, Uchkagaon - Email: yashybiltrax@gmail.com - Type: BX1
2026-08-12 09:12:41,212 - Project: BCD Residential School, Uchkagaon - Email: yashybiltrax@gmail.com - Type: BX1
2026-08-12 09:21:05,287 - Project: YMCA Boys Hostel, Faridabad - Email: yashybiltrax@gmail.com - Type: BX1
2026-08-12 09:40:30,255 - Project: Arkade Rare - Email: poojababar@biltrax.com - Type: BX1
2026-08-12 09:44:26,964 - Project: Taj Resort, Sindhudurg - Email: poojababar@biltrax.com - Type: BX1
2026-08-12 09:46:36,169 - Project: ACE Hive 22A, Noida - Email: poojababar@biltrax.com - Type: BX1
2026-08-12 10:32:27,574 - Project: Adaniconnex Data Centre, Ellikatta - Email: yashybiltrax@gmail.com - Type: BX1
2026-08-12 10:33:23,123 - Project: RMZ Colt Hyperscale Data Centre, Visakhapatnam - Email: yashybiltrax@gmail.com - Type: BX1
2026-08-12 11:03:52,939 - Project: Candeur Residential, Kukatpally - Email: komalsasbiltrax@gmail.com - Type: BX1
2026-08-12 11:07:04,858 - Project: Pristine Kyra, Pune - Email: suchitra@biltrax.com - Type: BX1
2026-08-12 11:13:32,458 - Project: Taj Resort, Sindhudurg - Email: megha@biltrax.com - Type: BX1
2026-08-12 11:16:08,773 - Project: Taj Resort, Sindhudurg - Email: poojababar@biltrax.com - Type: BX1
2026-08-12 11:28:38,076 - Project: Ark SkyEdge, Gajularamaram - Email: komalsasbiltrax@gmail.com - Type: BX1
2026-08-12 11:33:22,249 - Project: Test Project 24-01-2026 - Email: amitpal15062002@gmail.com - Type: BX1
2026-08-12 11:43:40,587 - Project: Taj Resort, Sindhudurg - Email: amitpal15062002@gmail.com - Type: BX1
2026-08-12 12:53:13,646 - Project: Swarrnim Arihant School of Pharmacy Expansion, Gandhinagar - Email: shubhamu@biltrax.com - Type: BX1
2026-08-12 13:57:11,212 - Project: Unknown Project - Email: tushar@biltrax.com - Type: BX2
2026-08-12 14:19:16,434 - Project: Excel Cancer Care Hospital, Tiruchirappalli - Email: shubhamu@biltrax.com - Type: BX1
2026-08-12 14:21:46,855 - Project: Unknown Project - Email: tushar@biltrax.com - Type: BX2
2026-08-12 14:35:44,469 - Project: Kamdhenu The Lumina, Pune - Email: shrikants@biltrax.com - Type: BX1
2026-08-12 14:50:49,328 - Project: Universal Majesty, Surat - Email: pratiksha@biltrax.com - Type: BX1
2026-08-12 14:55:04,390 - Project: K3 Orium Residential, Ahmedabad - Email: pratiksha@biltrax.com - Type: BX1
2026-08-12 16:37:42,442 - Project: LTI Mindtree, Pune - Email: harsh@biltrax.com - Type: BX1
2026-08-12 16:51:01,143 - Project: Godrej Seven, Joka - Email: shrikants@biltrax.com - Type: BX1
2026-08-12 17:28:00,429 - Project: Reverence The World Street, Jaipur - Email: vaibhavis@biltrax.com - Type: BX1
2026-08-12 17:38:56,260 - Project: MRG Goldfinch Retreat, Mangalore - Email: megha@biltrax.com - Type: BX1
2026-08-12 17:51:38,363 - Project: Sowparnika Euphoria In The East, Hoskote - Email: akshaysbiltrax@gmail.com - Type: BX1
2026-08-12 17:53:18,702 - Project: Shriram Sapphire, Bommasandra - Email: akshaysbiltrax@gmail.com - Type: BX1
2026-08-12 17:59:50,158 - Project: Mandi Greenfield International Airport - Email: harsh@biltrax.com - Type: BX1
2026-08-12 18:20:16,828 - Project: Alivaa Hotel, Mundhwa - Email: snehakatkarbiltrax@gmail.com - Type: BX1
2026-08-12 18:23:37,562 - Project: Sukhwani 5 Star Hotel, Chakan - Email: snehakatkarbiltrax@gmail.com - Type: BX1
2026-08-13 09:06:32,743 - Project: HFWD NHM Sub District Hospital, Raipur - Email: yashybiltrax@gmail.com - Type: BX1
2026-08-13 09:18:30,454 - Project: MES Male Barracks, Ahilyanagar - Email: yashybiltrax@gmail.com - Type: BX1
2026-08-13 09:32:00,649 - Project: Kaavyaratna Sanskruti 2, Kudasan - Email: megha@biltrax.com - Type: BX1
2026-08-13 09:38:05,167 - Project: Aarohana Residential, Kagilur - Email: megha@biltrax.com - Type: BX1
2026-08-13 09:43:47,238 - Project: Satvika Galaxy - Email: poojababar@biltrax.com - Type: BX1
2026-08-13 09:46:20,576 - Project: Nirala Diadem - Email: megha@biltrax.com - Type: BX1
2026-08-13 09:47:08,947 - Project: Satvika Galaxy, Patna - Email: poojababar@biltrax.com - Type: BX1
2026-08-13 09:49:19,475 - Project: Satvika Galaxy, Danapur - Email: poojababar@biltrax.com - Type: BX1
2026-08-13 10:00:05,740 - Project: Anandtara Residential, Mundhwa - Email: suchitra@biltrax.com - Type: BX1
2026-08-13 10:00:31,710 - Project: Cybage Corporate Office Building, GIFT City - Email: aksha@biltrax.com - Type: BX1
2026-08-13 10:35:41,227 - Project: Imperia Prideville, Gautam Buddha Nagar - Email: megha@biltrax.com - Type: BX1
2026-08-13 10:47:15,959 - Project: AdaniConneX Data Centre Sector 80, Noida - Email: aksha@biltrax.com - Type: BX1
2026-08-13 10:49:06,498 - Project: MICL Shreepati Aaradhya Ocean, Kalbadevi - Email: suchitra@biltrax.com - Type: BX1
2026-08-13 11:00:16,582 - Project: DoubleTree by Hilton, Bhopal - Email: aksha@biltrax.com - Type: BX1
2026-08-13 11:00:57,963 - Project: Jindal Integrated Township, Alibaug - Email: shubhamu@biltrax.com - Type: BX1
2026-08-13 11:03:35,283 - Project: Reliance Township, Jamnagar - Email: shubhamu@biltrax.com - Type: BX1
2026-08-13 11:08:03,160 - Project: Ace Verde, Noida - Email: suchitra@biltrax.com - Type: BX1
2026-08-13 11:57:22,821 - Project: Swastik Nilayam, Shivpur - Email: riteshs@biltrax.com - Type: BX1
2026-08-13 11:58:33,776 - Project: Samhi Hotel, Navi Mumbai - Email: riteshs@biltrax.com - Type: BX1
2026-08-13 12:01:17,355 - Project: Samhi Hotel, Navi Mumbai - Email: riteshs@biltrax.com - Type: BX1
2026-08-13 13:50:00,535 - Project: Reliance AI Data Centre, Jamnagar - Email: shubhamkoltekarbiltrax@gmail.com - Type: BX1
2026-08-13 14:35:39,397 - Project: Unknown Project - Email: suryas@biltrax.com - Type: BX1
2026-08-13 15:51:08,680 - Project: Praneeth Arcadia Premium, Dundigal - Email: riteshs@biltrax.com - Type: BX1
2026-08-13 15:55:04,735 - Project: NB Legacy Tower, Ahmedabad - Email: suryas@biltrax.com - Type: BX1
2026-08-13 16:47:41,776 - Project: Chhatrapati Sambhaji Raje International Airport, Purandar - Email: kaushaljbiltrax@gmail.com - Type: BX1
2026-08-13 16:48:28,950 - Project: Jayalakshmi Hi-Tech Defence & Aerospace Park (IT Park), Bangalore - Email: shubhamu@biltrax.com - Type: BX1
2026-08-13 16:51:42,901 - Project: Reliance Township, Jamnagar - Email: shubhamkoltekarbiltrax@gmail.com - Type: BX1
2026-08-13 17:13:47,036 - Project: Narayan Hub, Anand - Email: shubhamu@biltrax.com - Type: BX1
2026-08-13 17:28:26,003 - Project: Kohinoor World Tower, Pune - Email: shubhamu@biltrax.com - Type: BX1
2026-08-14 09:31:48,562 - Project: NWR Major Upgradation of Railway Station, Sanganer - Email: yashybiltrax@gmail.com - Type: BX1
2026-08-14 09:34:50,852 - Project: TSMSIDC Wholesale Fish Market, Koheda - Email: yashybiltrax@gmail.com - Type: BX1
2026-08-14 09:57:04,558 - Project: LDA Four Lane Elevated Road on Vaikunth Dham - Email: megha@biltrax.com - Type: BX1
2026-08-14 10:29:06,301 - Project: Manglam Sheraton Pinkwest, Jaipur - Email: megha@biltrax.com - Type: BX1
2026-08-14 10:30:38,083 - Project: IITM Vaigai and Sarayu Hostel, Madras - Email: janhavibiltrax30@gmail.com - Type: BX1
2026-08-14 10:38:17,823 - Project: Taj Resort, Sindhudurg - Email: riteshs@biltrax.com - Type: BX1
2026-08-14 10:46:06,502 - Project: Expansion of Geetanjali Medical College and Hospital - Email: arshil@biltrax.com - Type: BX1
2026-08-14 11:31:33,974 - Project: Sark Prime - 4, Mokila - Email: akshaysbiltrax@gmail.com - Type: BX1
2026-08-14 11:43:46,174 - Project: Jaipur Metro Phase 2, Package 2C - 01 (Prahladpura - Pinjrapole Gaushala) - Email: megha@biltrax.com - Type: BX1
2026-08-14 12:07:20,245 - Project: SWR Redevelopment of Railway Station, Yesvantpur - Email: megha@biltrax.com - Type: BX1
2026-08-14 12:13:58,794 - Project: Vinayak Amara, Newtown - Email: poojababar@biltrax.com - Type: BX1
2026-08-14 14:19:33,185 - Project: IJB Crest, Lower Parel - Email: riteshs@biltrax.com - Type: BX1
2026-08-14 14:31:04,690 - Project: CPWD GRI Academic Building, Gandhigram - Email: amitpal15062002@gmail.com - Type: BX1
2026-08-14 14:31:48,535 - Project: CPWD GRI Academic Building - Email: amitpal15062002@gmail.com - Type: BX1
2026-08-14 14:32:04,521 - Project: CPWD GRI Academic Building, Gandhigram - Email: amitpal15062002@gmail.com - Type: BX1
2026-08-14 14:32:20,632 - Project: CPWD GRI Academic Building, Gandhigram - Email: amitpal15062002@gmail.com - Type: BX1
2026-08-14 14:33:08,897 - Project: CPWD GRI Academic Building, Gandhigram - Email: amitpal15062002@gmail.com - Type: BX1
2026-08-14 14:34:01,221 - Project: Max Nirogi Hospital, Patparganj - Email: shrikants@biltrax.com - Type: BX1
2026-08-14 15:40:36,000 - Project: Aaditri Shivyatan Kashi Nirmal Heights, Varanasi - Email: megha@biltrax.com - Type: BX1
2026-08-14 16:35:56,939 - Project: Artham Novus Business Park - Email: shubhamu@biltrax.com - Type: BX1
2026-08-14 16:46:38,744 - Project: K3 House, Motera - Email: shubhamu@biltrax.com - Type: BX1
2026-08-14 16:49:30,992 - Project: Futuristic Millefiori, Wakad - Email: vaibhavis@biltrax.com - Type: BX1
2026-08-14 16:49:40,592 - Project: Sheth Residential, Nahur - Email: riteshs@biltrax.com - Type: BX1
2026-08-14 17:05:55,000 - Project: PWD Judicial Township, Guwahati - Email: harsh@biltrax.com - Type: BX1
2026-08-14 18:20:58,939 - Project: Splendor Onyx Blue, Noida - Email: harsh@biltrax.com - Type: BX1
2026-08-14 19:05:59,053 - Project: Samurai Jewel, Jaipur - Email: harsh@biltrax.com - Type: BX1
2026-08-17 09:18:31,264 - Project: Kher Anantshree, Kothurd - Email: yashybiltrax@gmail.com - Type: BX1
2026-08-17 09:25:11,895 - Project: MDL Apprentice Training Centre, Ulwe - Email: yashybiltrax@gmail.com - Type: BX1
2026-08-17 09:38:19,460 - Project: Ashapura The Legend, Mulund - Email: yashybiltrax@gmail.com - Type: BX1
2026-08-17 09:44:38,122 - Project: Supreme Rivana, Punawale - Email: megha@biltrax.com - Type: BX1
2026-08-17 09:47:04,165 - Project: Bhumika The Icon, Faridabad - Email: yashybiltrax@gmail.com - Type: BX1
2026-08-17 09:49:59,374 - Project: Tulip Evana, Pune - Email: yashybiltrax@gmail.com - Type: BX1
2026-08-17 09:56:42,050 - Project: Max Estate 105, Noida - Email: yashybiltrax@gmail.com - Type: BX1
2026-08-17 09:57:57,891 - Project: L&T Residential Project, Gurgaon - Email: megha@biltrax.com - Type: BX1
2026-08-17 10:00:53,034 - Project: Gulnaar Serene, Zirakpur - Email: yashybiltrax@gmail.com - Type: BX1
2026-08-17 11:34:46,187 - Project: Taj Vivanta, Hyderabad - Email: shubhamkoltekarbiltrax@gmail.com - Type: BX1
2026-08-17 11:37:25,652 - Project: RLDA Multi Modal Transportation Hub, Surat - Email: janhavibiltrax30@gmail.com - Type: BX1
2026-08-17 11:52:20,549 - Project: Seemanchal JR Bishwanath Tower, Purnea - Email: shubhamu@biltrax.com - Type: BX1
2026-08-17 12:26:55,001 - Project: Delhi Public School, Pune - Email: harsh@biltrax.com - Type: BX1
2026-08-17 12:43:04,760 - Project: Orion One 32, Noida - Email: shubhamkoltekarbiltrax@gmail.com - Type: BX1
2026-08-17 12:47:10,030 - Project: Orion One 32, Noida - Email: shubhamkoltekarbiltrax@gmail.com - Type: BX1
2026-08-17 14:25:54,020 - Project: Nanasaheb Residential Project, Bibwewadi - Email: komalsasbiltrax@gmail.com - Type: BX1
2026-08-17 14:26:51,670 - Project: BNX Lifestyle Central, Greater Noida - Email: shubhamkoltekarbiltrax@gmail.com - Type: BX1
2026-08-17 15:13:32,687 - Project: Sobha Crescent, Gurugram - Email: suchitra@biltrax.com - Type: BX1
2026-08-17 15:18:13,695 - Project: Birla Taranya, Kalwa - Email: komalsasbiltrax@gmail.com - Type: BX1
2026-08-17 15:24:01,613 - Project: Karyan Trevana Residences - Email: suchitra@biltrax.com - Type: BX1
2026-08-17 16:05:36,399 - Project: Sanghvi Parrsssva ExcellenSea, Girgaon - Email: harsh@biltrax.com - Type: BX1
2026-08-17 16:24:53,118 - Project: Chalet Hyatt Regency, Airoli - Email: yashybiltrax@gmail.com - Type: BX1
2026-08-17 16:27:23,220 - Project: Cornerstone Peridot Tower, Bangalore - Email: yashybiltrax@gmail.com - Type: BX1
2026-08-17 16:29:18,527 - Project: Goel Ganga IT Township, Pune - Email: yashybiltrax@gmail.com - Type: BX1
2026-08-17 16:31:12,707 - Project: Icon Oro, Baner - Email: yashybiltrax@gmail.com - Type: BX1
2026-08-17 16:32:11,754 - Project: Tremont Tower, Ahmedabad - Email: shubhamkoltekarbiltrax@gmail.com - Type: BX1
2026-08-17 16:37:04,224 - Project: Prestige Century Landmark - Email: yashybiltrax@gmail.com - Type: BX1
2026-08-17 16:38:41,499 - Project: Mulik Commercial & Residential Project, Pune - Email: shrikants@biltrax.com - Type: BX1
2026-08-17 16:40:05,764 - Project: Shalby Greenfield Hospital, Santacruz - Email: yashybiltrax@gmail.com - Type: BX1
2026-08-17 16:44:19,010 - Project: Sugee Lake Trade Centre I - Email: harsh@biltrax.com - Type: BX1
2026-08-17 16:52:09,548 - Project: Tremont Terra, Ahmedabad - Email: shubhamkhairnarbiltrax@gmail.com - Type: BX1
2026-08-17 16:53:58,772 - Project: Tremont Tower, Ahmedabad - Email: shubhamkhairnarbiltrax@gmail.com - Type: BX1
2026-08-17 16:54:35,111 - Project: Aaditri Shivyatan Kashi Nirmal Heights - Email: megha@biltrax.com - Type: BX1
2026-08-17 17:01:52,006 - Project: Sugee Lake Trade Centre I, Thane - Email: harsh@biltrax.com - Type: BX1
2026-08-17 17:18:19,051 - Project: Clarks Hotel, Krishnagiri - Email: janhavibiltrax30@gmail.com - Type: BX1
2026-08-17 18:34:38,901 - Project: Vivekananda Hospital Extension, Durgapur - Email: harsh@biltrax.com - Type: BX1
2026-08-18 09:11:06,407 - Project: EIL ONGC Residential Quarters, Navghar - Email: yashybiltrax@gmail.com - Type: BX1
2026-08-18 09:14:50,480 - Project: NRANVP Commercial Office Complex Building (Phase-II), Nava Raipur - Email: yashybiltrax@gmail.com - Type: BX1
2026-08-18 09:26:35,226 - Project: MHADA Redevelopment of Abhyuday Nagar (Phase-1), Kalachowki - Email: megha@biltrax.com - Type: BX1
2026-08-18 10:29:01,297 - Project: Avishkaar Skyline 11, Dehgam - Email: harsh@biltrax.com - Type: BX1
2026-08-18 10:40:50,568 - Project: Spartan Crown, Bodakdev - Email: harsh@biltrax.com - Type: BX1
2026-08-18 11:14:09,140 - Project: GRD Miracle Residential, Mulshi - Email: komalsasbiltrax@gmail.com - Type: BX1
2026-08-18 11:36:30,382 - Project: Web Werk Data center Phase 1, Ambattur - Email: suryas@biltrax.com - Type: BX1
2026-08-18 12:58:55,408 - Project: Unity Hospital & Research Institute, New Delhi - Email: riteshs@biltrax.com - Type: BX1
2026-08-18 12:59:10,484 - Project: Godrej Residential Project, Greater Noida - Email: harsh@biltrax.com - Type: BX1
2026-08-18 13:32:49,946 - Project: Nitesh Soho, Bangalore - Email: riteshs@biltrax.com - Type: BX1
2026-08-18 13:44:45,499 - Project: Keppel Bangalore Tower - Email: riteshs@biltrax.com - Type: BX1
2026-08-18 14:46:43,457 - Project: Sankalp 59, Ahmedabad - Email: shrikants@biltrax.com - Type: BX1
2026-08-18 14:49:12,579 - Project: Aadya Avenue 9, Turbhe - Email: riteshs@biltrax.com - Type: BX1
2026-08-18 15:44:18,728 - Project: Godrej DMIC Residential Development, Greater Noida - Email: harsh@biltrax.com - Type: BX1
2026-08-18 16:10:44,735 - Project: Adani Lushlands, Gurgaon - Email: shubhamu@biltrax.com - Type: BX1
2026-08-18 16:23:59,595 - Project: Nxtra Data Centre, Trichy - Email: snehakatkarbiltrax@gmail.com - Type: BX1
2026-08-18 16:32:51,157 - Project: Keshvaa The Wings, Ahmedabad - Email: harsh@biltrax.com - Type: BX1
2026-08-18 16:49:46,950 - Project: IHCL Vivanta, Talegaon - Email: shrikants@biltrax.com - Type: BX1
2026-08-18 17:10:05,095 - Project: Riviera Grand Gallaria Mall, Purnia - Email: shubhamu@biltrax.com - Type: BX1
2026-08-18 17:22:44,439 - Project: ISGEC Heavy Engineering Office Building, Noida - Email: harsh@biltrax.com - Type: BX1
2026-08-19 09:39:46,720 - Project: EPIL Eklavya Model Residential School (EMRS), Dang - Email: yashybiltrax@gmail.com - Type: BX1
2026-08-19 09:48:25,822 - Project: MSPHC Police Quarters, Taloja - Email: yashybiltrax@gmail.com - Type: BX1
2026-08-19 10:05:18,801 - Project: Achalare Business Capital, Pune - Email: suchitra@biltrax.com - Type: BX1
2026-08-19 10:14:26,883 - Project: Phoenix Mixed Use Development, Majiwada - Email: vaibhavis@biltrax.com - Type: BX1
2026-08-19 10:17:54,945 - Project: STT Data Centre, Ambernath - Email: vaibhavis@biltrax.com - Type: BX1
2026-08-19 10:26:20,257 - Project: Nutech Mixed Use Project, Karambakkam - Email: yashybiltrax@gmail.com - Type: BX1
2026-08-19 10:27:26,448 - Project: GNG Tech Park, Hosur - Email: yashybiltrax@gmail.com - Type: BX1
2026-08-19 10:51:17,984 - Project: AAI Development of Domestic Airport, Raigarh - Email: vaibhavis@biltrax.com - Type: BX1
2026-08-19 11:03:36,867 - Project: ACE Arte, Noida - Email: suchitra@biltrax.com - Type: BX1
2026-08-19 11:07:00,478 - Project: ACE Arte, Noida - Email: suchitra@biltrax.com - Type: BX1
2026-08-19 11:18:24,031 - Project: Reliance SSO Building, Jamnagar - Email: harsh@biltrax.com - Type: BX1
2026-08-19 11:18:35,571 - Project: Dalcore The Falcon - Email: megha@biltrax.com - Type: BX1
2026-08-19 11:36:33,813 - Project: Juniper Hotel, Delhi - Email: shrikants@biltrax.com - Type: BX1
2026-08-19 11:37:00,878 - Project: JSS International University Campus, Varuna - Email: akshaysbiltrax@gmail.com - Type: BX1
2026-08-19 11:39:25,200 - Project: R & S Bellevue, Mangalore - Email: akshaysbiltrax@gmail.com - Type: BX1
2026-08-19 11:43:08,138 - Project: Purple Mist Resort & Spa, Coorg - Email: akshaysbiltrax@gmail.com - Type: BX1
2026-08-19 12:14:08,434 - Project: Fugro Head Quarters, Nerul - Email: snehakatkarbiltrax@gmail.com - Type: BX1
2026-08-19 13:54:33,186 - Project: Hiranandani Residential Project, Versova - Email: komalsasbiltrax@gmail.com - Type: BX1
2026-08-19 13:58:06,054 - Project: HSCL RBI Residential Quarters, Curca - Email: shrikants@biltrax.com - Type: BX1
2026-08-19 15:31:31,310 - Project: AIPL Residential Project, Kadipur - Email: komalsasbiltrax@gmail.com - Type: BX1
2026-08-19 15:54:07,616 - Project: Sanskriti University Expansion, Mathura - Email: shubhamu@biltrax.com - Type: BX1
2026-08-19 15:55:28,888 - Project: Godrej RLDA Residential, Ashok Vihar - Email: shrikants@biltrax.com - Type: BX1
2026-08-19 16:17:23,851 - Project: Westin Avadh Resort and Spa - Email: megha@biltrax.com - Type: BX1
2026-08-19 16:29:33,477 - Project: Siemens Research & Experimental Development Center, Bangalore - Email: vaibhavis@biltrax.com - Type: BX1
2026-08-19 16:40:55,067 - Project: Adani Inspire Corporate Capital, Gandhinagar - Email: shubhamu@biltrax.com - Type: BX1
2026-08-19 17:01:27,795 - Project: Oberoi Trident Resort, Rishikesh - Email: janhavibiltrax30@gmail.com - Type: BX1
2026-08-19 17:08:26,786 - Project: Taj Resort, Sindhudurg - Email: janhavibiltrax30@gmail.com - Type: BX1
2026-08-19 17:12:37,674 - Project: Taj Hotel, Akkulam - Email: janhavibiltrax30@gmail.com - Type: BX1
2026-08-19 17:42:50,929 - Project: AMG AI Data Centre, Greater Noida - Email: aksha@biltrax.com - Type: BX1
2026-08-19 17:50:40,898 - Project: Aarna The Empyrean, Gandhinagar - Email: shrikants@biltrax.com - Type: BX1
2026-08-20 09:14:44,295 - Project: HFWD NHM District Hospital, Malpura - Email: yashybiltrax@gmail.com - Type: BX1
2026-08-20 09:18:02,073 - Project: HFWD NHM Sub District Hospital, Khajuwala - Email: yashybiltrax@gmail.com - Type: BX1
2026-08-20 09:48:26,062 - Project: NK Migang Okum, Guwahati - Email: suchitra@biltrax.com - Type: BX1
2026-08-20 09:52:25,352 - Project: Zest Multicare Hospital, Nagpur - Email: vaibhavis@biltrax.com - Type: BX1
2026-08-20 10:09:29,876 - Project: APCRDA Secretariat & HOD Offices (Tower 1 & 2), Amaravati - Email: harsh@biltrax.com - Type: BX1
2026-08-20 10:09:47,039 - Project: APCRDA Secretariat & HOD Offices (Tower 1 & 2), Amaravati - Email: harsh@biltrax.com - Type: BX1
2026-08-20 10:15:55,261 - Project: JR Medicity, Morbi - Email: vaibhavis@biltrax.com - Type: BX1
2026-08-20 10:32:20,957 - Project: Max Healthcare, Zirakpur - Email: vaibhavis@biltrax.com - Type: BX1
2026-08-20 11:06:45,545 - Project: Aaryan Reneev Commercial, Ahmedabad - Email: vaibhavis@biltrax.com - Type: BX1
2026-08-20 11:09:14,719 - Project: Lu Brillia One, Ahmedabad - Email: vaibhavis@biltrax.com - Type: BX1
2026-08-20 11:14:57,791 - Project: Oberoi Mixed Use Development, Worli - Email: vaibhavis@biltrax.com - Type: BX1
2026-08-20 11:18:26,572 - Project: Lodha Aureus, Sewri - Email: vaibhavis@biltrax.com - Type: BX1
2026-08-20 12:25:04,324 - Project: GNG Tech Park, Coimbatore - Email: aksha@biltrax.com - Type: BX1
2026-08-20 14:35:09,246 - Project: Prestige Rainbow Waters, Raidurgam - Email: shubhamu@biltrax.com - Type: BX1
2026-08-20 14:37:30,225 - Project: Prestige Golden Grove, Hyderabad - Email: shubhamu@biltrax.com - Type: BX1
2026-08-20 15:15:37,339 - Project: Prestige Rainbow Waters, Raidurgam - Email: yashybiltrax@gmail.com - Type: BX1
2026-08-20 15:19:07,700 - Project: Modern Residential, Chikkadunnasandra - Email: komalsasbiltrax@gmail.com - Type: BX1
2026-08-20 15:19:19,500 - Project: Modern Residential, Chikkadunnasandra - Email: komalsasbiltrax@gmail.com - Type: BX1
2026-08-20 15:19:49,315 - Project: Vaishnaoi Prestige Forum Mall, Premavathipet - Email: yashybiltrax@gmail.com - Type: BX1
2026-08-20 15:21:02,900 - Project: Nandivardhan Ekatva Miraya, Thane - Email: megha@biltrax.com - Type: BX1
2026-08-20 16:00:56,395 - Project: Shri Vinayaka Mixed Use Project, Greater Noida - Email: harsh@biltrax.com - Type: BX1
2026-08-20 16:17:20,774 - Project: Omicron F5 Business Landmarks - Email: shubhamu@biltrax.com - Type: BX1
2026-08-20 16:31:31,415 - Project: RSAMB Government Polytechnic College, Salumber - Email: shubhamu@biltrax.com - Type: BX1
2026-08-20 16:34:56,190 - Project: MPRDC Sports Complex (Phase 2), Nathu Berkheda - Email: shubhamu@biltrax.com - Type: BX1
2026-08-20 16:57:53,529 - Project: Kolkata Metro Line 5 (Package BBVS) (Baranagar - Mangal Pandey) - Email: shrikants@biltrax.com - Type: BX1
2026-08-20 17:00:23,311 - Project: Iskcon Vrindavan Heritage Tower, Vrindavan - Email: shubhamu@biltrax.com - Type: BX1
2026-08-21 09:31:18,633 - Project: HFWD NHM Sub District Hospital, Desuri - Email: yashybiltrax@gmail.com - Type: BX1
2026-08-21 09:38:45,330 - Project: MES Deficient Married Sailors Accomodation, Hamla - Email: yashybiltrax@gmail.com - Type: BX1
2026-08-21 09:39:05,713 - Project: KN The Alturaa, Karnal - Email: yashbiltrax14@gmail.com - Type: BX1
2026-08-21 09:57:15,687 - Project: County Jade, Ghaziabad - Email: megha@biltrax.com - Type: BX1
2026-08-21 12:36:21,111 - Project: CPWD GST Office Building & Staff Quarters, Khajaguda - Email: shubhamkoltekarbiltrax@gmail.com - Type: BX1
2026-08-21 14:33:19,004 - Project: CPWD ESIC Hospital, Bommasandra - Email: vaibhavis@biltrax.com - Type: BX1
2026-08-21 15:16:16,308 - Project: HSCL RBI Residential Quarters, Curca - Email: shrikants@biltrax.com - Type: BX1
2026-08-21 15:24:01,025 - Project: ITP Aero Aircraft Engine Components Manufacturing Unit, Shamshabad - Email: harsh@biltrax.com - Type: BX1
2026-08-21 15:24:15,967 - Project: Unknown Project - Email: harsh@biltrax.com - Type: BX2
2026-08-21 15:25:10,557 - Project: MES Hospital Building, Deolali - Email: shrikants@biltrax.com - Type: BX1
2026-08-21 15:28:14,106 - Project: MES ORS Married Accommodation, Colaba - Email: pratiksha@biltrax.com - Type: BX1
2026-08-21 15:29:29,487 - Project: MES Auditorium Complex, Madgaon - Email: shrikants@biltrax.com - Type: BX1
2026-08-21 15:51:43,073 - Project: Paras Avenue, Noida - Email: shubhamkoltekarbiltrax@gmail.com - Type: BX1
2026-08-21 15:52:00,208 - Project: Paras Avenue, Noida - Email: shubhamkoltekarbiltrax@gmail.com - Type: BX1
2026-08-21 15:57:46,678 - Project: Samskara Resort, Udaipur - Email: vaibhavis@biltrax.com - Type: BX1
2026-08-21 15:58:43,749 - Project: WAPCOS Eklavya Model Residential School (EMRS) (Phase II), Badkuleibera - Email: komalsasbiltrax@gmail.com - Type: BX1
2026-08-21 16:31:28,198 - Project: Mana Skanda The Right Life - Email: shubhamkoltekarbiltrax@gmail.com - Type: BX1
2026-08-21 18:04:45,145 - Project: BRPNNL Gaya Ji Dharamshala Building, Gaya - Email: kaushaljbiltrax@gmail.com - Type: BX1
2026-08-24 10:17:14,280 - Project: PWD District Sports Stadium Complex, Baksa - Email: pratiksha@biltrax.com - Type: BX1
2026-08-24 10:17:28,843 - Project: Princeton Data Centre MU2, Turbhe - Email: shubhamu@biltrax.com - Type: BX1
2026-08-24 11:46:34,749 - Project: PWD Maharshi Karve Womens Empowerment Knowledge Complex - Email: shubhamu@biltrax.com - Type: BX1
2026-08-24 12:04:11,409 - Project: PWD Maharshi Karve Womens Empowerment Knowledge Complex - Email: shubhamkoltekarbiltrax@gmail.com - Type: BX1
2026-08-24 12:04:45,855 - Project: Dharti Mixed Use Project, Borivali - Email: harsh@biltrax.com - Type: BX1
2026-08-24 14:04:47,961 - Project: Bagdogra Airport Expansion Project, Darjeeling - Email: kaushaljbiltrax@gmail.com - Type: BX1
2026-08-24 14:20:39,337 - Project: Monument Residential Project, Bhubaneswar - Email: komalsasbiltrax@gmail.com - Type: BX1
2026-08-24 14:23:54,433 - Project: PWD Auction Hall and Division Building, Ballarpur - Email: janhavibiltrax30@gmail.com - Type: BX1
2026-08-24 14:24:00,373 - Project: PWD Auction Hall and Division Building, Ballarpur - Email: janhavibiltrax30@gmail.com - Type: BX1
2026-08-24 15:01:30,405 - Project: Lucknow Metro Phase 1, Corridor 2 (Thakur Ganj - Vasant Kunj) - Email: shrikants@biltrax.com - Type: BX1
2026-08-24 15:03:57,757 - Project: Lucknow Metro Phase 1, Corridor 2 (Charbaug - Nawazganj) - Email: shrikants@biltrax.com - Type: BX1
2026-08-24 15:23:00,731 - Project: Dharti The Next Level Commercial, Borivali - Email: harsh@biltrax.com - Type: BX1
2026-08-24 15:24:05,097 - Project: Urbanrise The World of Joy, Miyapur - Email: shrikants@biltrax.com - Type: BX1
2026-08-24 15:32:41,994 - Project: Dharti The Next Level Commercial, Borivali - Email: harsh@biltrax.com - Type: BX1
2026-08-24 15:33:16,731 - Project: Dharti Mixed Use Project, Borivali - Email: harsh@biltrax.com - Type: BX1
2026-08-24 15:47:58,474 - Project: Mangalam Residential Project, Moshi - Email: komalsasbiltrax@gmail.com - Type: BX1
2026-08-24 16:36:48,344 - Project: Mana Skanda The Right Life, Bangalore - Email: pratiksha@biltrax.com - Type: BX1
2026-08-24 16:42:48,386 - Project: AU Bank Office, Jaipur - Email: shrikants@biltrax.com - Type: BX1
2026-08-24 16:55:16,647 - Project: WBSETCL Green Office Building, Kolkata - Email: janhavibiltrax30@gmail.com - Type: BX1
2026-08-24 16:57:11,508 - Project: SS Balaji Classica - Email: snehakatkarbiltrax@gmail.com - Type: BX1
2026-08-24 16:59:13,668 - Project: SS Balaji Classica, Dombivali - Email: snehakatkarbiltrax@gmail.com - Type: BX1
2026-08-24 17:36:38,409 - Project: Saurashtra Shitul Manju Patel Hospital - Email: shubhamu@biltrax.com - Type: BX1
2026-08-24 17:39:58,948 - Project: Ace Verde, Noida - Email: nirbhaybiltrax@gmail.com - Type: BX1
2026-08-24 17:42:18,183 - Project: GCSC Human and Biological Science Gallery, Ahmedabad - Email: shubhamu@biltrax.com - Type: BX1
2026-08-24 17:45:35,509 - Project: Civitech Santoni, Greater Noida - Email: nirbhaybiltrax@gmail.com - Type: BX1
2026-08-24 17:47:15,715 - Project: Migsun Rohini Central, Rohini - Email: nirbhaybiltrax@gmail.com - Type: BX1
2026-08-24 17:48:45,930 - Project: Signature Global City 81, Gurgaon - Email: nirbhaybiltrax@gmail.com - Type: BX1
2026-08-24 17:50:02,777 - Project: SKA Destiny One, Greater Noida - Email: nirbhaybiltrax@gmail.com - Type: BX1
2026-08-24 18:01:31,800 - Project: GNG Tech Park, Coimbatore - Email: kaushaljbiltrax@gmail.com - Type: BX1
2026-08-25 09:11:27,246 - Project: DGS Shiv Shrushti CHS Mixed Use Project, Malad - Email: harsh@biltrax.com - Type: BX1
2026-08-25 09:30:34,118 - Project: NIT OBC Bhavan, Babulkheda - Email: yashybiltrax@gmail.com - Type: BX1
2026-08-25 09:32:21,774 - Project: KSCL City Centre, Kavaratti - Email: yashybiltrax@gmail.com - Type: BX1
2026-08-25 10:05:06,934 - Project: SKDJ Nidhara, Kolkata - Email: megha@biltrax.com - Type: BX1
2026-08-25 10:44:02,045 - Project: Casagrand GoldenGrove, Chengalpattu - Email: yashybiltrax@gmail.com - Type: BX1
2026-08-25 10:45:55,337 - Project: Vera Vista 45, Panchkula - Email: yashybiltrax@gmail.com - Type: BX1
2026-08-25 10:47:11,112 - Project: Bhoomi Sagar Manthan, Kandivali - Email: yashybiltrax@gmail.com - Type: BX1
2026-08-25 10:48:36,089 - Project: Navanaami Tattvam, Golkonda - Email: yashybiltrax@gmail.com - Type: BX1
2026-08-25 10:50:50,501 - Project: Emaar Urban Ascent, Gurgaon - Email: yashybiltrax@gmail.com - Type: BX1
2026-08-25 11:32:54,353 - Project: Gganbu Street Drive 93, Gurgaon - Email: megha@biltrax.com - Type: BX1
2026-08-25 12:03:23,130 - Project: Marathon Futurex, Lower Parel - Email: shubhamkoltekarbiltrax@gmail.com - Type: BX1
2026-08-25 14:18:25,617 - Project: Valor L&T Conrad Mixed Use Development, BKC - Email: pratiksha@biltrax.com - Type: BX1
2026-08-25 14:25:14,809 - Project: Emperium Premio, Gurgaon - Email: megha@biltrax.com - Type: BX1
2026-08-25 14:26:53,910 - Project: Dalcore The Falcon, Gurgaon - Email: pratiksha@biltrax.com - Type: BX1
2026-08-25 14:36:05,589 - Project: Dalcore The Falcon - Email: riteshs@biltrax.com - Type: BX1
2026-08-25 14:36:19,867 - Project: Nawah Residential Project, Pipili - Email: pratiksha@biltrax.com - Type: BX1
2026-08-25 14:43:41,876 - Project: UPPWD DPUP Rajendra Prasad National Law University Expansion - Email: harsh@biltrax.com - Type: BX1
2026-08-25 14:50:22,784 - Project: M1 Capital Square, Nimbekaipura - Email: pratiksha@biltrax.com - Type: BX1
2026-08-25 15:00:20,478 - Project: Solstice KINFRA Data Center, Mattannur - Email: pratiksha@biltrax.com - Type: BX1
2026-08-25 16:01:18,876 - Project: ECR Major Upgradation of Railway Station, Darbhanga - Email: radhika@biltrax.com - Type: BX1
2026-08-25 16:12:10,330 - Project: WeSpacess Residential Project, Rawet - Email: komalsasbiltrax@gmail.com - Type: BX1
2026-08-25 16:25:49,982 - Project: MP Palacia Habitat, Guwahati - Email: suchitra@biltrax.com - Type: BX1
2026-08-25 16:56:19,232 - Project: Silver Icon, Surat - Email: shrikants@biltrax.com - Type: BX1
2026-08-25 17:54:29,351 - Project: ITC Green Centre, Banasawadi - Email: shrikants@biltrax.com - Type: BX1
2026-08-26 09:24:48,832 - Project: Bagmane Commercial Developement, Chennai - Email: harsh@biltrax.com - Type: BX1
2026-08-26 09:24:54,833 - Project: Bagmane Commercial Developement, Chennai - Email: harsh@biltrax.com - Type: BX1
2026-08-26 09:51:51,704 - Project: AB The Earth, Sion - Email: yashybiltrax@gmail.com - Type: BX1
2026-08-26 11:14:53,111 - Project: Surya Mahal Hotel Expansion, Deoli - Email: shubhamu@biltrax.com - Type: BX1
2026-08-26 11:48:53,631 - Project: Gini Devi Goel Manipal Hospitals, Parsulidih - Email: vaibhavis@biltrax.com - Type: BX1
2026-08-26 11:49:01,482 - Project: Gini Devi Goel Manipal Hospitals, Parsulidih - Email: vaibhavis@biltrax.com - Type: BX1
2026-08-26 12:29:22,138 - Project: HiLITE Elanine Womens Hospital, Kozhikode - Email: shrikants@biltrax.com - Type: BX1
2026-08-26 12:33:52,011 - Project: Narang Castella, Bandra - Email: komalsasbiltrax@gmail.com - Type: BX1
2026-08-26 12:35:49,320 - Project: The Kube, Hyderabad - Email: shrikants@biltrax.com - Type: BX1
2026-08-26 12:39:41,372 - Project: Gini Devi Goel Manipal Hospitals, Parsulidih - Email: vaibhavis@biltrax.com - Type: BX1
2026-08-26 13:54:29,935 - Project: WAPCOS IITD Boys Hostel & Staff Quarters, Dhanbad - Email: kaushaljbiltrax@gmail.com - Type: BX1
2026-08-26 15:20:26,757 - Project: The Grand Umrao Hotel - Email: shrikants@biltrax.com - Type: BX1
2026-08-26 16:03:59,164 - Project: Bharti Angelica, Aerocity - Email: shubhamkoltekarbiltrax@gmail.com - Type: BX1
2026-08-26 16:15:06,235 - Project: The Kube, Hyderabad - Email: shrikants@biltrax.com - Type: BX1
2026-08-26 16:18:53,702 - Project: Unknown Project - Email: vaibhavis@biltrax.com - Type: BX2
2026-08-26 17:22:46,541 - Project: CDSUPJN Working Women Hostel, Lucknow - Email: aksha@biltrax.com - Type: BX1
2026-08-26 17:44:19,343 - Project: Shubham Artesia, Vashi - Email: shrikants@biltrax.com - Type: BX1
2026-08-26 17:47:40,407 - Project: Aspire World School, Surat - Email: shrikantshirke9768@gmail.com - Type: BX1
2026-08-27 09:58:40,116 - Project: MES Deficient Married Accommodation, Porbandar - Email: yashy@biltrax.com - Type: BX1
2026-08-27 10:15:33,639 - Project: Brigade Granada, Konadasapura - Email: megha@biltrax.com - Type: BX1
2026-08-27 11:45:32,167 - Project: ITC Green Centre, Banasawadi - Email: aksha@biltrax.com - Type: BX1
2026-08-27 12:34:24,967 - Project: Mahalaxmi City Centre, Nashik - Email: shrikants@biltrax.com - Type: BX1
2026-08-27 12:53:50,599 - Project: Yamuna Sky City - Email: shrikants@biltrax.com - Type: BX1
2026-08-27 13:50:29,099 - Project: Eeshanya Aaroha, Hosakote - Email: pratiksha@biltrax.com - Type: BX1
2026-08-27 14:24:27,647 - Project: SZ Sky Avenue, Goregaon - Email: harsh@biltrax.com - Type: BX1
2026-08-27 14:34:10,079 - Project: Avenue Mixed Use Project, Thane - Email: harsh@biltrax.com - Type: BX1
2026-08-27 14:59:29,055 - Project: Salarpuria Sattva Verve, Kharadi - Email: harsh@biltrax.com - Type: BX1
2026-08-27 15:20:36,089 - Project: Jina Hotel, Sanand - Email: harsh@biltrax.com - Type: BX1
2026-08-27 16:20:25,047 - Project: TSEWIDC YIIRS School Complex - Email: shubhamu@biltrax.com - Type: BX1
2026-08-27 16:30:27,832 - Project: Jeet Twin Tower, Chandauli - Email: yashybiltrax@gmail.com - Type: BX1
2026-08-27 17:27:55,616 - Project: TSEWIDC YIIRS Complex, Adilabad - Email: janhavibiltrax30@gmail.com - Type: BX1
2026-08-27 17:31:57,544 - Project: Ashiana Amarah, Gurgaon - Email: yashbiltrax14@gmail.com - Type: BX1
2026-08-27 17:54:23,801 - Project: Kalyani 5 Star Hotel, Bangalore - Email: shubhamkoltekarbiltrax@gmail.com - Type: BX1
2026-08-27 17:57:53,492 - Project: Concorde Mayfair, Yelahanka - Email: akshaysbiltrax@gmail.com - Type: BX1
2026-08-28 09:23:07,348 - Project: HLL Critical Care Block, Thiruvananthapuram - Email: yashybiltrax@gmail.com - Type: BX1
2026-08-28 10:57:34,450 - Project: MGM Hospital, Chennai - Email: arshil@biltrax.com - Type: BX1
2026-08-28 12:24:52,225 - Project: Nature's The Hills Kasauli, Gandigram - Email: yashbiltrax14@gmail.com - Type: BX1
2026-08-28 13:52:42,183 - Project: Astrum Athena, Andheri - Email: harsh@biltrax.com - Type: BX1
2026-08-28 13:59:47,824 - Project: Adani Hospital, New Town - Email: harsh@biltrax.com - Type: BX1
2026-08-28 14:03:59,615 - Project: BSTDC Harihar Nath Temple Corridor, Sonepur - Email: kaushaljbiltrax@gmail.com - Type: BX1
2026-08-28 15:21:45,813 - Project: Ashish Ghode project (dummy) - Email: pratikjadhavbiltrax@gmail.com - Type: BX1
2026-09-01 10:55:46,108 - Project: Unknown Project - Email: deekshangdale07@gmail.com - Type: BX1
2026-09-03 16:38:58,489 - Project: Vraj Greens - Email: deekshant07biltrax@gmail.com - Type: BX1
